order_id,item_id,supplier_id,quantity,order_date,expected_delivery_date,status,is_emergency_order,triggered_by_disaster_event_id,created_at
7d57dc71-703b-426a-9141-b582dabcb6db,d785fad3-f7e3-4d41-b77f-59204d378cfc,0ab49c1e-2b76-4773-9b0f-7bb455f376d9,107,2026-04-24T19:49:36.358747,2026-04-29,in_transit,False,,2026-05-14T19:49:36.365127
00a8b06e-d614-4923-86f3-3a835212c349,613f1902-2368-4b07-9b0b-0ed941f8ca3f,b7772cfb-9427-4bf8-94a6-f478bd24d2d1,24,2025-11-14T19:49:36.358747,2025-11-19,delayed,False,,2026-05-14T19:49:36.365185
38658008-71da-4472-b755-a0b0474a1be1,50cc9640-dd9a-4519-af61-d5085f148369,bb566f94-e52c-4412-a82b-d8421628fdce,110,2026-02-24T19:49:36.358747,2026-02-28,in_transit,False,,2026-05-14T19:49:36.365235
e45cfee4-7334-4fc6-99dc-65e32463e23b,a51519e9-be41-433b-b8c9-5a86d4275d1e,9fb02bc6-4c92-42ba-b82d-09964e7150e0,33,2026-02-13T19:49:36.358747,2026-02-15,pending,False,,2026-05-14T19:49:36.365283
a9389c85-5e6d-44de-9d10-eb6aa5956723,43321739-8331-45ca-a26c-99eaf5248ed9,45e53695-1506-4f45-b5b7-cb31c4797e0e,136,2025-10-16T19:49:36.358747,2025-10-19,delayed,False,,2026-05-14T19:49:36.365330
2a6464e5-1864-4e70-8b52-44b164e296e5,613f1902-2368-4b07-9b0b-0ed941f8ca3f,920beb94-392d-4d45-99e8-14ec69798aa6,109,2025-05-20T19:49:36.358747,2025-05-22,delayed,False,,2026-05-14T19:49:36.365375
60f4b974-c638-4cea-8a4f-405f41d5ead9,26719db9-9b13-4e95-8e10-7eb75055974f,920beb94-392d-4d45-99e8-14ec69798aa6,52,2025-09-19T19:49:36.358747,2025-09-21,delivered,False,,2026-05-14T19:49:36.365421
5aa3b3ec-a2fb-44c1-9ffc-462d3e4d1afe,b9d977b4-833e-49c9-b626-8488695adbd7,6f176354-1523-437d-917c-9fcf909ed0bc,113,2025-06-11T19:49:36.358747,2025-06-13,delivered,False,,2026-05-14T19:49:36.365466
a0a826f9-66cb-4adf-91d9-2f67e0514c53,32b01f52-ab61-4788-979d-9b4f6d29a345,9fb02bc6-4c92-42ba-b82d-09964e7150e0,400,2025-12-23T19:49:36.358747,2025-12-26,delivered,False,,2026-05-14T19:49:36.365510
00214da0-7bd6-428c-b868-26c70954fcc1,37921e4b-cae6-4cb7-aecd-16c556a54e68,f843db1e-eb10-4099-ba26-42c3c384c6e7,34,2026-04-30T19:49:36.358747,2026-05-01,delayed,False,,2026-05-14T19:49:36.365555
eb66b03b-5c89-47f1-85c2-b9783bba0717,d58ff740-5495-4cfa-91d5-2af1b2116a6b,b7772cfb-9427-4bf8-94a6-f478bd24d2d1,41,2025-12-30T19:49:36.358747,2026-01-04,delivered,False,,2026-05-14T19:49:36.365599
5f0a6c63-1356-49e0-ae78-84ed2c993313,70a64c46-c46c-42ac-b6a4-d928e1c43cd3,417f137f-a65d-40bf-8361-9a2bbab8b9a2,227,2025-12-05T19:49:36.358747,2025-12-08,delayed,False,,2026-05-14T19:49:36.365644
78712aab-0191-4c60-8cc3-c1b7bdee0e5f,bc3dd140-7195-4618-9a27-4e4bbe66a3ad,920beb94-392d-4d45-99e8-14ec69798aa6,194,2025-07-23T19:49:36.358747,2025-07-25,pending,False,,2026-05-14T19:49:36.365688
73a0af6e-89b8-4a2b-be0f-5c72dcd02cb8,f6f392b4-c0bd-4731-9681-5649f2f0435f,bb84cadb-6f5a-43f3-9292-e443a44cfb1d,173,2025-08-12T19:49:36.358747,2025-08-19,delayed,False,,2026-05-14T19:49:36.365732
258c7eec-8a79-43f3-b471-f01f971d75cc,0fc06af5-8b70-4a58-b529-87f012309718,f843db1e-eb10-4099-ba26-42c3c384c6e7,73,2026-04-09T19:49:36.358747,2026-04-10,delayed,False,,2026-05-14T19:49:36.365777
e8b26117-6e5d-4bfd-9492-e6b11ef5c043,b70d6d6e-5e1f-4a16-93e7-72811201e889,6fe57ad1-2193-4ea6-8291-42ddfb3c9a49,44,2026-03-12T19:49:36.358747,2026-03-14,delivered,False,,2026-05-14T19:49:36.365821
5e0f2893-0bca-444a-b168-06d12f121f49,e1058a27-65a5-4a68-b2d2-a145cff39651,b7772cfb-9427-4bf8-94a6-f478bd24d2d1,84,2025-11-28T19:49:36.358747,2025-12-03,in_transit,False,,2026-05-14T19:49:36.365865
0908e83f-2cb0-4ca6-82f6-45fe74d1cd69,2fd30533-52ca-48b6-ac2d-02278cc46176,6f176354-1523-437d-917c-9fcf909ed0bc,112,2025-06-06T19:49:36.358747,2025-06-08,delivered,False,,2026-05-14T19:49:36.365910
f4915af7-ed9c-4f41-8bb6-ef7a9c4c28c9,d58ff740-5495-4cfa-91d5-2af1b2116a6b,417f137f-a65d-40bf-8361-9a2bbab8b9a2,90,2025-12-11T19:49:36.358747,2025-12-15,delivered,False,,2026-05-14T19:49:36.365955
641d9b20-c040-4eac-9605-7718c3194df2,78e90da9-56fd-4222-b113-62f6b30846bf,f843db1e-eb10-4099-ba26-42c3c384c6e7,72,2025-10-06T19:49:36.358747,2025-10-09,delivered,False,,2026-05-14T19:49:36.365999
96447dfe-25b9-4e67-abc3-823ab5fe25ed,5f810d20-b641-4084-9fe1-28765a08f313,ad47af14-149b-4b9c-b2f5-cb3f3e91b52f,148,2025-09-30T19:49:36.358747,2025-10-03,delivered,False,,2026-05-14T19:49:36.366044
64c18f09-bb22-4438-b0b8-a8e8c43452af,80529d5d-907b-4629-84f9-8b956af1bd8c,f5d30e3b-0fd7-4692-acd8-8f8213a9984a,38,2025-12-19T19:49:36.358747,2025-12-25,delivered,False,,2026-05-14T19:49:36.366089
f1b57131-73ec-45a4-bd0d-044e92a189d4,43321739-8331-45ca-a26c-99eaf5248ed9,f6389092-6f95-4c40-8535-08b0c21124a0,75,2026-01-14T19:49:36.358747,2026-01-15,in_transit,False,,2026-05-14T19:49:36.366135
6fe2d5f7-83c4-465a-ab97-cd38087ee2a1,0fc06af5-8b70-4a58-b529-87f012309718,f6389092-6f95-4c40-8535-08b0c21124a0,131,2026-04-21T19:49:36.358747,2026-04-22,delivered,False,,2026-05-14T19:49:36.366179
136c08c2-f5e5-41eb-acb4-1a21001aa735,b89f4757-7b13-4010-8fa0-a950d6ef0520,920beb94-392d-4d45-99e8-14ec69798aa6,45,2025-06-26T19:49:36.358747,2025-06-27,delivered,False,,2026-05-14T19:49:36.366223
9655d752-ab87-46ec-892d-6d6f1b54c177,6764e923-92a6-40ef-a7c9-351c40a71697,589325e8-ed43-4f59-bec5-160a1c7739e6,62,2026-01-10T19:49:36.358747,2026-01-12,delivered,False,,2026-05-14T19:49:36.366268
ef8fdd59-d67b-470d-ab9d-c0bf4c951272,34901ecc-424b-49e2-8442-330c59876f67,00683dfc-65fe-4a94-b334-4ff169848269,106,2026-01-22T19:49:36.358747,2026-01-27,delayed,False,,2026-05-14T19:49:36.366313
2be25703-6da5-4470-bedc-02d27d541533,af196ed4-4e70-48dd-b379-9975e91f4be8,589325e8-ed43-4f59-bec5-160a1c7739e6,103,2025-08-02T19:49:36.358747,2025-08-04,delivered,False,,2026-05-14T19:49:36.366357
ed13658e-7f2c-4b15-b303-aca1ca07e3c3,fe94d45c-847d-44e7-a34d-6887fd98847a,6fe57ad1-2193-4ea6-8291-42ddfb3c9a49,44,2025-09-19T19:49:36.358747,2025-09-21,delayed,False,,2026-05-14T19:49:36.366401
00e749b9-296a-4656-ae98-3964024e765a,ccf12a69-4b18-4456-ae6d-32b2d937a78c,6fe57ad1-2193-4ea6-8291-42ddfb3c9a49,94,2025-09-30T19:49:36.358747,2025-10-01,delivered,False,,2026-05-14T19:49:36.366445
a6b83e99-5c45-4a90-9268-1f57c6b52f47,30342710-f176-489c-a5b9-3a994eab9ac0,29c67ea0-fd8c-4e42-bcab-625e1260e889,119,2025-08-07T19:49:36.358747,2025-08-10,in_transit,False,,2026-05-14T19:49:36.366489
49e65290-8e58-4e6d-b4d2-c84eaaddb698,26719db9-9b13-4e95-8e10-7eb75055974f,ad47af14-149b-4b9c-b2f5-cb3f3e91b52f,214,2026-01-08T19:49:36.358747,2026-01-12,in_transit,False,,2026-05-14T19:49:36.366533
271d14bb-2705-4fc1-a328-45b00674736a,af196ed4-4e70-48dd-b379-9975e91f4be8,589325e8-ed43-4f59-bec5-160a1c7739e6,29,2026-01-12T19:49:36.358747,2026-01-14,pending,False,,2026-05-14T19:49:36.366577
20728c9c-d9ee-43a8-bca3-7aad87adbdf4,ce29f402-2f4c-44e7-bfc4-cbf36d01930a,937267a5-13c4-43fa-9841-18aa7b3116f9,135,2025-11-24T19:49:36.358747,2025-11-30,delivered,False,,2026-05-14T19:49:36.366621
6f50edab-48cc-48ef-9872-ddd252546ee0,eab5aaea-d425-419a-9679-b6d0e685b32d,0e9a0cc7-1b53-407b-9caf-2d2d4b1ff0a9,135,2025-10-30T19:49:36.358747,2025-11-05,delivered,False,,2026-05-14T19:49:36.366664
0bd58617-f10d-436d-b8e9-0e88cf39c57b,32b01f52-ab61-4788-979d-9b4f6d29a345,920beb94-392d-4d45-99e8-14ec69798aa6,142,2025-11-26T19:49:36.358747,2025-11-29,delivered,False,,2026-05-14T19:49:36.366709
5d2dad39-6da4-4c42-980f-bc4efc67f25f,5b857683-1c51-474e-86c7-4b3af451024e,bb566f94-e52c-4412-a82b-d8421628fdce,193,2025-10-27T19:49:36.358747,2025-10-31,delivered,False,,2026-05-14T19:49:36.366752
9f035668-9201-4a4f-a9af-c6b4e4c324d7,27c115d5-5fa7-4dd0-8704-99db64c1d1a7,6a58e677-274d-4820-8348-1bb1cae5add1,69,2025-07-24T19:49:36.358747,2025-07-27,pending,False,,2026-05-14T19:49:36.366796
a0ad6af5-c4f0-43f9-9009-5561b02166df,b647a3f2-5c0e-4416-9129-31718085fc6f,f843db1e-eb10-4099-ba26-42c3c384c6e7,48,2025-10-27T19:49:36.358747,2025-10-28,delayed,False,,2026-05-14T19:49:36.366839
6a4311c3-60aa-4926-a1be-0aa04c6e8234,bfd701a9-5ee1-408c-864a-c61afff88353,589325e8-ed43-4f59-bec5-160a1c7739e6,61,2025-08-08T19:49:36.358747,2025-08-10,delayed,False,,2026-05-14T19:49:36.366883
2ed39b17-46e5-487f-9320-338c361f3d8c,a52d8730-de9d-40b4-80e2-4eacf73529e0,920beb94-392d-4d45-99e8-14ec69798aa6,573,2025-10-03T19:49:36.358747,2025-10-04,delivered,False,,2026-05-14T19:49:36.366927
5ee664a5-1633-4141-8626-17791b061db6,5db89c33-b533-4b1c-bcd5-ac4abab9817a,b7772cfb-9427-4bf8-94a6-f478bd24d2d1,155,2025-09-17T19:49:36.358747,2025-09-21,delayed,False,,2026-05-14T19:49:36.366971
754b06b3-f560-45df-afbd-c86d50be977d,37921e4b-cae6-4cb7-aecd-16c556a54e68,0e9a0cc7-1b53-407b-9caf-2d2d4b1ff0a9,61,2025-10-24T19:49:36.358747,2025-10-28,delivered,False,,2026-05-14T19:49:36.367015
84b89a7b-100f-44ee-a4b3-750a072be8dd,0694a9d4-8be8-40b3-8d84-4c92a13ec43f,417f137f-a65d-40bf-8361-9a2bbab8b9a2,94,2026-03-06T19:49:36.358747,2026-03-08,in_transit,False,,2026-05-14T19:49:36.367058
1bf98a43-c221-4c6c-b3f1-831b4aed7dc1,7ef64dfe-808f-4c10-b898-4d57cb025650,f843db1e-eb10-4099-ba26-42c3c384c6e7,50,2026-01-26T19:49:36.358747,2026-01-27,delivered,False,,2026-05-14T19:49:36.367103
0a0e6794-0b33-4b92-a4e1-72c1e9b88a5e,7e58c27e-2271-4e20-9b9d-faf5ffd7c337,f843db1e-eb10-4099-ba26-42c3c384c6e7,50,2025-10-11T19:49:36.358747,2025-10-12,pending,False,,2026-05-14T19:49:36.367147
77baaa92-4f56-41e9-a7d8-328f1d706a11,27c115d5-5fa7-4dd0-8704-99db64c1d1a7,0ab49c1e-2b76-4773-9b0f-7bb455f376d9,93,2026-04-17T19:49:36.358747,2026-04-21,delivered,False,,2026-05-14T19:49:36.367192
d5a3de26-a630-40ce-83ae-565d8e69a333,32b01f52-ab61-4788-979d-9b4f6d29a345,00683dfc-65fe-4a94-b334-4ff169848269,500,2025-06-15T19:49:36.358747,2025-06-21,pending,False,,2026-05-14T19:49:36.367236
4b1e0e6c-f170-4053-95c4-27b716123596,613f1902-2368-4b07-9b0b-0ed941f8ca3f,0e9a0cc7-1b53-407b-9caf-2d2d4b1ff0a9,17,2026-05-04T19:49:36.358747,2026-05-07,in_transit,False,,2026-05-14T19:49:36.367281
fbd141f2-04bd-40fa-8b91-e345bf0d7c5b,26719db9-9b13-4e95-8e10-7eb75055974f,4aca3b60-5012-43c4-abc2-cd144f319367,53,2025-07-30T19:49:36.358747,2025-08-02,delivered,False,,2026-05-14T19:49:36.367325
5e9d97ef-95d2-44c4-a22f-57f9c3a3b5f5,8349385d-0163-4e73-9b36-5229d034473b,417f137f-a65d-40bf-8361-9a2bbab8b9a2,47,2026-02-18T19:49:36.358747,2026-02-21,delayed,False,,2026-05-14T19:49:36.367370
a14d605c-6132-40d5-84bf-c5c72bb062ba,bc3dd140-7195-4618-9a27-4e4bbe66a3ad,00683dfc-65fe-4a94-b334-4ff169848269,134,2026-02-20T19:49:36.358747,2026-02-26,pending,False,,2026-05-14T19:49:36.367414
be060eaa-9c31-4cf3-aa36-2ed77a2cd1b1,0bed27e9-ca09-4cc6-8026-88fa97ba4496,9fb02bc6-4c92-42ba-b82d-09964e7150e0,34,2025-07-24T19:49:36.358747,2025-07-27,delayed,False,,2026-05-14T19:49:36.367457
a58a3311-7f19-40da-af61-cfbc3ab0a224,a3a78246-6e84-46ae-ba9c-45b0c57412c0,bb566f94-e52c-4412-a82b-d8421628fdce,61,2026-02-02T19:49:36.358747,2026-02-06,delivered,False,,2026-05-14T19:49:36.367501
b66dc83a-5b63-402f-ad9d-4040b379d682,613f1902-2368-4b07-9b0b-0ed941f8ca3f,f6389092-6f95-4c40-8535-08b0c21124a0,369,2025-12-11T19:49:36.358747,2025-12-12,delivered,False,,2026-05-14T19:49:36.367545
121c0596-cdb8-467a-a0ad-ee0ff1f2abb7,e3cf76ed-9280-497d-931f-6046cfa89558,6a58e677-274d-4820-8348-1bb1cae5add1,32,2025-07-29T19:49:36.358747,2025-08-01,delivered,False,,2026-05-14T19:49:36.367589
5315bf6a-1cae-46bf-9f0c-5ef552e4cd3e,7696c106-17ab-4826-a71c-49eff737c053,4aca3b60-5012-43c4-abc2-cd144f319367,491,2026-04-09T19:49:36.358747,2026-04-13,delivered,False,,2026-05-14T19:49:36.367632
3d1ac3d0-2e75-4a33-bf36-d3710b8fddcb,bfd701a9-5ee1-408c-864a-c61afff88353,45e53695-1506-4f45-b5b7-cb31c4797e0e,26,2026-03-21T19:49:36.358747,2026-03-24,delivered,False,,2026-05-14T19:49:36.367679
1b574b16-dd97-4f1b-bd1e-8bc1c0e214e2,fe94d45c-847d-44e7-a34d-6887fd98847a,b7772cfb-9427-4bf8-94a6-f478bd24d2d1,248,2025-10-04T19:49:36.358747,2025-10-09,delivered,False,,2026-05-14T19:49:36.367723
6337e27e-e39d-4fc0-8854-1f1dca1574a4,e89dcc1e-b3c5-45bc-9d3f-f0232c7fbf3d,17b991fb-513c-4207-ad77-ec0be46f0305,128,2025-08-12T19:49:36.358747,2025-08-16,delivered,False,,2026-05-14T19:49:36.367767
52852730-71f8-4b0f-a720-cc2cd2a0dc24,e879bb2c-a142-42d2-b35b-eef240c98751,937267a5-13c4-43fa-9841-18aa7b3116f9,42,2026-01-09T19:49:36.358747,2026-01-15,pending,False,,2026-05-14T19:49:36.367811
8f23a506-e91c-40b4-b4b0-27a008332734,ad0943ad-c637-438f-9661-fe6b21b625f6,920beb94-392d-4d45-99e8-14ec69798aa6,10,2025-09-19T19:49:36.358747,2025-09-20,delivered,False,,2026-05-14T19:49:36.367855
8792fa69-3904-4edf-96f7-9b7a5cb00bf7,b24ac878-b31f-4a6e-955a-34153068a0b1,bb84cadb-6f5a-43f3-9292-e443a44cfb1d,73,2025-11-29T19:49:36.358747,2025-12-04,in_transit,False,,2026-05-14T19:49:36.367899
94c74fd2-1010-4a65-8cb6-4829b2ac23c3,7ef64dfe-808f-4c10-b898-4d57cb025650,f843db1e-eb10-4099-ba26-42c3c384c6e7,332,2025-07-11T19:49:36.358747,2025-07-12,in_transit,False,,2026-05-14T19:49:36.367943
4c2bb8d7-919c-4562-b7d1-0512783854ff,297dd953-c79a-4865-a876-60fdf7fa7807,29c67ea0-fd8c-4e42-bcab-625e1260e889,63,2026-02-06T19:49:36.358747,2026-02-09,delivered,False,,2026-05-14T19:49:36.367987
fa0480b0-94d6-4a0d-b93b-ae04013e8977,a52d8730-de9d-40b4-80e2-4eacf73529e0,31715682-9f21-4349-8ca6-e44a4044d312,285,2026-01-09T19:49:36.358747,2026-01-11,delivered,False,,2026-05-14T19:49:36.368031
07f8d02c-ee47-48f8-9fb5-75155c6c0900,a52d8730-de9d-40b4-80e2-4eacf73529e0,29c67ea0-fd8c-4e42-bcab-625e1260e889,228,2026-05-06T19:49:36.358747,2026-05-09,in_transit,False,,2026-05-14T19:49:36.368075
09535aa0-f9b8-4fbe-9b23-14a554427ccc,613f1902-2368-4b07-9b0b-0ed941f8ca3f,f843db1e-eb10-4099-ba26-42c3c384c6e7,41,2025-07-21T19:49:36.358747,2025-07-22,delivered,False,,2026-05-14T19:49:36.368119
5d06c7f8-3f70-4217-aff6-1ffaee7f8f49,70a64c46-c46c-42ac-b6a4-d928e1c43cd3,29c67ea0-fd8c-4e42-bcab-625e1260e889,105,2025-08-06T19:49:36.358747,2025-08-09,delivered,False,,2026-05-14T19:49:36.368163
8f72846e-6009-47ae-835d-bd283a7680bf,e89dcc1e-b3c5-45bc-9d3f-f0232c7fbf3d,f843db1e-eb10-4099-ba26-42c3c384c6e7,95,2026-01-16T19:49:36.358747,2026-01-17,in_transit,False,,2026-05-14T19:49:36.368207
d2feeeee-f9e3-4dda-92bb-ec2946b64c25,e3cf76ed-9280-497d-931f-6046cfa89558,6a85f38b-d328-4fa9-9f17-1b268d63f0e9,98,2025-05-26T19:49:36.358747,2025-05-29,in_transit,False,,2026-05-14T19:49:36.368252
cf1a62e4-2e60-491d-aa51-d3e685c95699,0915b33c-453b-4991-8bc0-f69300e81ba0,f843db1e-eb10-4099-ba26-42c3c384c6e7,320,2025-07-17T19:49:36.358747,2025-07-18,delivered,False,,2026-05-14T19:49:36.368295
8ec734ec-5845-4d2b-ac4e-4eb71ca9df12,ce29f402-2f4c-44e7-bfc4-cbf36d01930a,ad61084c-5628-45bc-9dbd-f6084b0a5ed2,495,2026-02-04T19:49:36.358747,2026-02-07,delivered,False,,2026-05-14T19:49:36.368339
6be72a2e-6271-462c-b642-658d3f59fef3,78e90da9-56fd-4222-b113-62f6b30846bf,bb84cadb-6f5a-43f3-9292-e443a44cfb1d,79,2025-08-14T19:49:36.358747,2025-08-20,pending,False,,2026-05-14T19:49:36.368383
23c9c2ac-4605-4ff1-8f12-0eea37832ef2,f346b852-2858-43d4-825a-03b89a4875c8,17b991fb-513c-4207-ad77-ec0be46f0305,112,2025-05-22T19:49:36.358747,2025-05-26,delivered,False,,2026-05-14T19:49:36.368427
b110ca7e-083e-444d-8d6a-1a204adf8dd1,a52d8730-de9d-40b4-80e2-4eacf73529e0,6fe57ad1-2193-4ea6-8291-42ddfb3c9a49,76,2026-05-08T19:49:36.358747,2026-05-10,delivered,False,,2026-05-14T19:49:36.368471
b072b3ec-e6ad-4ce5-b067-e8c0d84bd0ef,6cee1fab-054a-4d0d-9781-3982daa1a9cd,f843db1e-eb10-4099-ba26-42c3c384c6e7,56,2026-04-18T19:49:36.358747,2026-04-19,delayed,False,,2026-05-14T19:49:36.368515
a5d8106e-1790-4625-94a9-efe89720a5f5,bc3dd140-7195-4618-9a27-4e4bbe66a3ad,6a58e677-274d-4820-8348-1bb1cae5add1,119,2025-10-21T19:49:36.358747,2025-10-24,delivered,False,,2026-05-14T19:49:36.368559
6547f6fd-515d-4586-8aa9-d4e292527011,f346b852-2858-43d4-825a-03b89a4875c8,0e9a0cc7-1b53-407b-9caf-2d2d4b1ff0a9,184,2025-07-30T19:49:36.358747,2025-08-02,pending,False,,2026-05-14T19:49:36.368603
b6cf5d09-5c4e-4e81-9ace-9219eb591a83,613f1902-2368-4b07-9b0b-0ed941f8ca3f,f6389092-6f95-4c40-8535-08b0c21124a0,172,2025-10-13T19:49:36.358747,2025-10-14,delivered,False,,2026-05-14T19:49:36.368647
76f9b059-93f3-47a7-a55e-1266a1378d90,c8f0649a-61df-463e-bd9c-0970c729a775,417f137f-a65d-40bf-8361-9a2bbab8b9a2,46,2025-11-01T19:49:36.358747,2025-11-04,delivered,False,,2026-05-14T19:49:36.368691
1741d3b3-2e3b-4d1f-9d34-9905f3755a45,e879bb2c-a142-42d2-b35b-eef240c98751,ad61084c-5628-45bc-9dbd-f6084b0a5ed2,163,2025-12-09T19:49:36.358747,2025-12-13,pending,False,,2026-05-14T19:49:36.368735
9f8eedaf-39b8-49b6-95df-125000095941,e178916b-c032-42ea-b53a-83c0a730430c,9fb02bc6-4c92-42ba-b82d-09964e7150e0,88,2026-01-28T19:49:36.358747,2026-01-31,in_transit,False,,2026-05-14T19:49:36.368779
2836ea0d-835f-4b60-b24e-e5fdf5a706d8,0694a9d4-8be8-40b3-8d84-4c92a13ec43f,0e9a0cc7-1b53-407b-9caf-2d2d4b1ff0a9,250,2026-02-13T19:49:36.358747,2026-02-16,in_transit,False,,2026-05-14T19:49:36.368823
eab18430-dc83-4991-83cd-20d38f119023,50cc9640-dd9a-4519-af61-d5085f148369,ad47af14-149b-4b9c-b2f5-cb3f3e91b52f,139,2025-07-14T19:49:36.358747,2025-07-17,pending,False,,2026-05-14T19:49:36.368866
f2732504-fca3-45fd-baba-7a0f192c758a,ce29f402-2f4c-44e7-bfc4-cbf36d01930a,eea54b34-d4ca-4d98-9111-bd08d2c701a7,75,2025-05-20T19:49:36.358747,2025-05-24,pending,False,,2026-05-14T19:49:36.368910
83505b80-73d3-4674-b75f-fed86fb37304,b9d977b4-833e-49c9-b626-8488695adbd7,ad61084c-5628-45bc-9dbd-f6084b0a5ed2,174,2025-06-27T19:49:36.358747,2025-07-01,delivered,False,,2026-05-14T19:49:36.368954
0a39c226-e71a-452c-9d3f-fd2b4cc41d0c,0fc06af5-8b70-4a58-b529-87f012309718,29c67ea0-fd8c-4e42-bcab-625e1260e889,255,2025-08-09T19:49:36.358747,2025-08-12,pending,False,,2026-05-14T19:49:36.368998
c852d1c6-aeae-4662-9b87-0368a7ae3d7e,e89dcc1e-b3c5-45bc-9d3f-f0232c7fbf3d,6a58e677-274d-4820-8348-1bb1cae5add1,155,2026-04-08T19:49:36.358747,2026-04-11,delivered,False,,2026-05-14T19:49:36.369042
f16b6f64-37b3-4eca-b039-bb492cc3e89f,ccf12a69-4b18-4456-ae6d-32b2d937a78c,00683dfc-65fe-4a94-b334-4ff169848269,116,2025-07-25T19:49:36.358747,2025-07-31,delivered,False,,2026-05-14T19:49:36.369086
4979035a-99c4-4156-8e7b-f2d4e98efaac,b3ff0bb8-5672-4610-a289-2ad9598170bb,4aca3b60-5012-43c4-abc2-cd144f319367,97,2025-05-21T19:49:36.358747,2025-05-24,in_transit,False,,2026-05-14T19:49:36.369130
0a173d0e-45f4-46d5-87d2-ada8e849c063,4ea639df-c0be-44e1-86b8-7fb4cd6ea4e9,589325e8-ed43-4f59-bec5-160a1c7739e6,46,2026-04-03T19:49:36.358747,2026-04-07,delayed,False,,2026-05-14T19:49:36.369173
c2e7f091-30d4-4d31-befa-b74da287c03b,5f810d20-b641-4084-9fe1-28765a08f313,17b991fb-513c-4207-ad77-ec0be46f0305,40,2026-05-01T19:49:36.358747,2026-05-04,delayed,False,,2026-05-14T19:49:36.369217
93cfed3b-ae4e-496d-9b17-d7a32be0aaa1,10dad2ad-1647-43b3-809a-b20dd7d488b4,b7772cfb-9427-4bf8-94a6-f478bd24d2d1,227,2026-05-04T19:49:36.358747,2026-05-09,delivered,False,,2026-05-14T19:49:36.369261
97857ebb-5ad8-42f3-8193-4b153e72f565,e89dcc1e-b3c5-45bc-9d3f-f0232c7fbf3d,31715682-9f21-4349-8ca6-e44a4044d312,148,2026-02-14T19:49:36.358747,2026-02-17,delivered,False,,2026-05-14T19:49:36.369307
d9471c3f-c746-4292-a341-736564e1fd2e,3fbe10a2-9d8f-4ea9-a2d6-16499f003cf9,f6389092-6f95-4c40-8535-08b0c21124a0,89,2025-07-19T19:49:36.358747,2025-07-20,delivered,False,,2026-05-14T19:49:36.369351
626c06a9-0dd0-4ef3-acbb-c89a401ed4e9,8e9ba15c-46ca-4703-94d1-5a9a8d599f80,2c1061e7-77a8-4647-a7c3-1f89f660c7ea,95,2025-10-17T19:49:36.358747,2025-10-23,delivered,False,,2026-05-14T19:49:36.369395
d0e0197f-08ef-4275-89ac-cda95ad5229c,a51519e9-be41-433b-b8c9-5a86d4275d1e,6fe57ad1-2193-4ea6-8291-42ddfb3c9a49,196,2025-05-24T19:49:36.358747,2025-05-26,delivered,False,,2026-05-14T19:49:36.369439
ec5735c6-d97d-499b-9498-4718c1dc930e,5db89c33-b533-4b1c-bcd5-ac4abab9817a,f5d30e3b-0fd7-4692-acd8-8f8213a9984a,46,2025-08-06T19:49:36.358747,2025-08-12,pending,False,,2026-05-14T19:49:36.369482
ee6e3cd2-ed04-4136-9fbf-0b94272a9666,8349385d-0163-4e73-9b36-5229d034473b,f843db1e-eb10-4099-ba26-42c3c384c6e7,125,2025-10-20T19:49:36.358747,2025-10-21,delivered,False,,2026-05-14T19:49:36.369526
e8b34fe8-abf3-4979-b945-02bc08415d36,b381ccea-475b-4f40-915b-c5d1e1550a2b,f5d30e3b-0fd7-4692-acd8-8f8213a9984a,46,2025-08-08T19:49:36.358747,2025-08-14,pending,False,,2026-05-14T19:49:36.369569
fd8529c9-34db-4e80-9f59-1efad1656847,af196ed4-4e70-48dd-b379-9975e91f4be8,f843db1e-eb10-4099-ba26-42c3c384c6e7,109,2025-09-01T19:49:36.358747,2025-09-02,delivered,False,,2026-05-14T19:49:36.369613
4cb755b3-96d5-4f9c-b819-a1644c87a8cc,5b857683-1c51-474e-86c7-4b3af451024e,920beb94-392d-4d45-99e8-14ec69798aa6,61,2026-03-06T19:49:36.358747,2026-03-08,delivered,False,,2026-05-14T19:49:36.369657
e0e8a868-cc50-4580-82b5-5837a4bb4323,a52d8730-de9d-40b4-80e2-4eacf73529e0,6fe57ad1-2193-4ea6-8291-42ddfb3c9a49,28,2025-06-26T19:49:36.358747,2025-06-27,in_transit,False,,2026-05-14T19:49:36.369701
cb1f2a27-59a4-4d3d-a1e3-76f7c4478867,a51519e9-be41-433b-b8c9-5a86d4275d1e,937267a5-13c4-43fa-9841-18aa7b3116f9,50,2026-05-07T19:49:36.358747,2026-05-13,pending,False,,2026-05-14T19:49:36.369745
31499ffd-345c-47b2-8cf8-8ebd93404a8b,bc3dd140-7195-4618-9a27-4e4bbe66a3ad,920beb94-392d-4d45-99e8-14ec69798aa6,115,2026-03-13T19:49:36.358747,2026-03-16,in_transit,False,,2026-05-14T19:49:36.369789
9081f6f3-0e76-42d7-83a6-7adcc3d09175,ab2ee2cb-59df-46f1-b90c-04c95b951802,31715682-9f21-4349-8ca6-e44a4044d312,178,2025-12-26T19:49:36.358747,2025-12-29,delivered,False,,2026-05-14T19:49:36.369833
9b9e5cb3-154f-4bc1-b154-59de41a905a4,26719db9-9b13-4e95-8e10-7eb75055974f,920beb94-392d-4d45-99e8-14ec69798aa6,88,2025-08-05T19:49:36.358747,2025-08-06,in_transit,False,,2026-05-14T19:49:36.369876
647d8d7e-8419-4ac2-bb87-b4bd6b9b98b1,ccf12a69-4b18-4456-ae6d-32b2d937a78c,b1208dde-8863-4c1f-a1cc-6c65878f8316,88,2026-03-06T19:49:36.358747,2026-03-09,in_transit,False,,2026-05-14T19:49:36.369921
ed227ee1-ec23-45f9-8eae-c3a555baf212,bfd701a9-5ee1-408c-864a-c61afff88353,f843db1e-eb10-4099-ba26-42c3c384c6e7,116,2025-08-28T19:49:36.358747,2025-08-29,pending,False,,2026-05-14T19:49:36.369965
64df936b-6b56-415d-9ea8-42c9f4591a32,78e90da9-56fd-4222-b113-62f6b30846bf,9fb02bc6-4c92-42ba-b82d-09964e7150e0,136,2025-07-22T19:49:36.358747,2025-07-26,delivered,False,,2026-05-14T19:49:36.370011
b376e0ec-906b-400b-98b3-9dc21b539406,7effb498-d4cf-4562-a3dc-3fff7d9d4004,920beb94-392d-4d45-99e8-14ec69798aa6,82,2025-09-09T19:49:36.358747,2025-09-11,delivered,False,,2026-05-14T19:49:36.370057
ca8331e1-bfbd-42dc-9b72-a9d32eab217a,4ea639df-c0be-44e1-86b8-7fb4cd6ea4e9,f843db1e-eb10-4099-ba26-42c3c384c6e7,156,2025-12-01T19:49:36.358747,2025-12-02,delayed,False,,2026-05-14T19:49:36.370101
06fcc469-afc7-48f6-948a-6d665454ef8f,482d81a5-76e9-499f-a8b8-6f37eb8cb757,31715682-9f21-4349-8ca6-e44a4044d312,107,2026-01-15T19:49:36.358747,2026-01-18,delivered,False,,2026-05-14T19:49:36.370145
e7bad3ba-4f2d-46af-8207-f1ccfe2ab674,d97a427d-8f95-4867-a724-5dc31f715e96,417f137f-a65d-40bf-8361-9a2bbab8b9a2,97,2025-05-16T19:49:36.358747,2025-05-19,delivered,False,,2026-05-14T19:49:36.370190
6c76fcba-8fa9-4c22-ac33-adfd06445e57,7effb498-d4cf-4562-a3dc-3fff7d9d4004,f843db1e-eb10-4099-ba26-42c3c384c6e7,91,2026-04-26T19:49:36.358747,2026-04-27,delayed,False,,2026-05-14T19:49:36.370235
0019482c-3170-440a-9f9d-9611272d2d24,43321739-8331-45ca-a26c-99eaf5248ed9,9fb02bc6-4c92-42ba-b82d-09964e7150e0,287,2025-10-01T19:49:36.358747,2025-10-04,delayed,False,,2026-05-14T19:49:36.370279
ae35af62-3ae4-4b55-bb83-35f137e9d72e,297dd953-c79a-4865-a876-60fdf7fa7807,45e53695-1506-4f45-b5b7-cb31c4797e0e,503,2025-10-17T19:49:36.358747,2025-10-20,delayed,False,,2026-05-14T19:49:36.370322
031e3157-e245-4817-9267-6d7ee20a792f,b89f4757-7b13-4010-8fa0-a950d6ef0520,2c1061e7-77a8-4647-a7c3-1f89f660c7ea,180,2025-12-30T19:49:36.358747,2026-01-05,delivered,False,,2026-05-14T19:49:36.370366
c6907f7c-73b5-4f45-82b8-db48fefe5214,0694a9d4-8be8-40b3-8d84-4c92a13ec43f,6a58e677-274d-4820-8348-1bb1cae5add1,518,2025-06-03T19:49:36.358747,2025-06-06,delivered,False,,2026-05-14T19:49:36.370410
11f5d147-af05-4b41-922f-93599a81f6e4,d97a427d-8f95-4867-a724-5dc31f715e96,17b991fb-513c-4207-ad77-ec0be46f0305,45,2025-09-05T19:49:36.358747,2025-09-09,pending,False,,2026-05-14T19:49:36.370454
a5f57663-cc41-4911-894b-c4f2b26953e2,32b01f52-ab61-4788-979d-9b4f6d29a345,6f176354-1523-437d-917c-9fcf909ed0bc,16,2025-05-29T19:49:36.358747,2025-05-31,delayed,False,,2026-05-14T19:49:36.370499
2bfafb21-932a-4ea1-8457-af11c31ef60b,8e9ba15c-46ca-4703-94d1-5a9a8d599f80,920beb94-392d-4d45-99e8-14ec69798aa6,49,2026-03-25T19:49:36.358747,2026-03-27,delivered,False,,2026-05-14T19:49:36.370543
81ef165d-bbd8-4c95-9998-5238832e897b,e178916b-c032-42ea-b53a-83c0a730430c,920beb94-392d-4d45-99e8-14ec69798aa6,118,2025-05-24T19:49:36.358747,2025-05-27,pending,False,,2026-05-14T19:49:36.370587
7bba2235-f17e-498c-be9f-4cff37766db8,5f810d20-b641-4084-9fe1-28765a08f313,6a85f38b-d328-4fa9-9f17-1b268d63f0e9,192,2025-12-15T19:49:36.358747,2025-12-18,delivered,False,,2026-05-14T19:49:36.370630
a7047baf-d207-45d2-8e6c-96d7f1273526,613f1902-2368-4b07-9b0b-0ed941f8ca3f,31715682-9f21-4349-8ca6-e44a4044d312,43,2025-07-29T19:49:36.358747,2025-08-01,in_transit,False,,2026-05-14T19:49:36.370676
daa70b30-89c4-4915-978d-269fb4e963b6,d58ff740-5495-4cfa-91d5-2af1b2116a6b,0e9a0cc7-1b53-407b-9caf-2d2d4b1ff0a9,31,2025-10-31T19:49:36.358747,2025-11-04,in_transit,False,,2026-05-14T19:49:36.370721
89c5b731-a30e-4a29-b72e-341d2174c9d8,2a8ef62b-0c89-4ac8-91d8-f743e7d9d731,0e9a0cc7-1b53-407b-9caf-2d2d4b1ff0a9,231,2025-09-19T19:49:36.358747,2025-09-22,delivered,False,,2026-05-14T19:49:36.370765
8e92e3db-d576-4a32-a92a-cef0ac49b78b,297dd953-c79a-4865-a876-60fdf7fa7807,bb566f94-e52c-4412-a82b-d8421628fdce,22,2025-09-18T19:49:36.358747,2025-09-23,delivered,False,,2026-05-14T19:49:36.370808
5d422b8a-14fe-4def-99d9-38ea23f54c1d,a51519e9-be41-433b-b8c9-5a86d4275d1e,0e9a0cc7-1b53-407b-9caf-2d2d4b1ff0a9,82,2025-11-19T19:49:36.358747,2025-11-23,in_transit,False,,2026-05-14T19:49:36.370852
4fc9064b-f152-451d-8c6e-ec2624b37a9f,7696c106-17ab-4826-a71c-49eff737c053,4aca3b60-5012-43c4-abc2-cd144f319367,25,2025-09-23T19:49:36.358747,2025-09-26,in_transit,False,,2026-05-14T19:49:36.370896
0c061314-cd54-49e1-a403-ab36276f8d77,6764e923-92a6-40ef-a7c9-351c40a71697,45e53695-1506-4f45-b5b7-cb31c4797e0e,90,2026-03-21T19:49:36.358747,2026-03-24,delivered,False,,2026-05-14T19:49:36.370940
f02862b1-6185-48b8-b019-863dcbe0235b,10dad2ad-1647-43b3-809a-b20dd7d488b4,6fe57ad1-2193-4ea6-8291-42ddfb3c9a49,62,2025-05-21T19:49:36.358747,2025-05-23,delayed,False,,2026-05-14T19:49:36.370984
8b287780-9e9d-48f1-b62c-d378808a66b7,a3a78246-6e84-46ae-ba9c-45b0c57412c0,f843db1e-eb10-4099-ba26-42c3c384c6e7,38,2025-07-29T19:49:36.358747,2025-07-30,delivered,False,,2026-05-14T19:49:36.371028
60f52b07-3fd2-4bb1-a000-1d241d8dca54,f346b852-2858-43d4-825a-03b89a4875c8,bb566f94-e52c-4412-a82b-d8421628fdce,99,2025-09-02T19:49:36.358747,2025-09-06,delayed,False,,2026-05-14T19:49:36.371073
e8ed6b6a-6d5c-43a7-af14-1ddcabdf76f8,b9d977b4-833e-49c9-b626-8488695adbd7,17b991fb-513c-4207-ad77-ec0be46f0305,159,2025-11-15T19:49:36.358747,2025-11-18,in_transit,False,,2026-05-14T19:49:36.371116
a8885522-4671-40e8-a644-75019c167ead,8349385d-0163-4e73-9b36-5229d034473b,eea54b34-d4ca-4d98-9111-bd08d2c701a7,26,2025-06-11T19:49:36.358747,2025-06-15,pending,False,,2026-05-14T19:49:36.371158
8e51c45c-4332-45a7-8e08-e03adffca4ac,e178916b-c032-42ea-b53a-83c0a730430c,bb566f94-e52c-4412-a82b-d8421628fdce,117,2025-06-18T19:49:36.358747,2025-06-22,delivered,False,,2026-05-14T19:49:36.371201
39e86f01-7e13-4f48-80ce-15ac71eb76b5,bc78a363-54cf-4bb5-bdff-9f7ed3efb3a1,4aca3b60-5012-43c4-abc2-cd144f319367,311,2026-03-08T19:49:36.358747,2026-03-11,in_transit,False,,2026-05-14T19:49:36.371243
fd4ef009-1ebe-41bb-9e41-4a56a935c190,bfd701a9-5ee1-408c-864a-c61afff88353,920beb94-392d-4d45-99e8-14ec69798aa6,231,2026-03-06T19:49:36.358747,2026-03-08,delayed,False,,2026-05-14T19:49:36.371286
a4495b7c-f96f-406a-97c9-0cca377f1587,d785fad3-f7e3-4d41-b77f-59204d378cfc,589325e8-ed43-4f59-bec5-160a1c7739e6,468,2025-12-26T19:49:36.358747,2025-12-29,in_transit,False,,2026-05-14T19:49:36.371329
097424d4-e7b7-4067-bb94-c0d6e9d286a4,0915b33c-453b-4991-8bc0-f69300e81ba0,bb566f94-e52c-4412-a82b-d8421628fdce,73,2025-12-12T19:49:36.358747,2025-12-16,delivered,False,,2026-05-14T19:49:36.371372
d4ba7194-58a6-4f2b-9dc2-141f73f0b4a4,bc3dd140-7195-4618-9a27-4e4bbe66a3ad,2c1061e7-77a8-4647-a7c3-1f89f660c7ea,150,2026-04-06T19:49:36.358747,2026-04-13,delayed,False,,2026-05-14T19:49:36.371414
ee2a3302-549c-4769-96d2-85fe56c7c9e8,a3a78246-6e84-46ae-ba9c-45b0c57412c0,bb566f94-e52c-4412-a82b-d8421628fdce,41,2025-08-02T19:49:36.358747,2025-08-06,delivered,False,,2026-05-14T19:49:36.371456
eeb84156-0f63-4e4b-96f3-055a60c6f936,297dd953-c79a-4865-a876-60fdf7fa7807,6f176354-1523-437d-917c-9fcf909ed0bc,209,2026-03-12T19:49:36.358747,2026-03-13,delivered,False,,2026-05-14T19:49:36.371498
b6bf666b-6149-4f71-8be0-81cfc8cf9d27,7ef64dfe-808f-4c10-b898-4d57cb025650,31715682-9f21-4349-8ca6-e44a4044d312,34,2025-06-20T19:49:36.358747,2025-06-21,pending,False,,2026-05-14T19:49:36.371541
e4dd2999-af8b-4e59-8693-48a6cba6f77a,b9d977b4-833e-49c9-b626-8488695adbd7,ad47af14-149b-4b9c-b2f5-cb3f3e91b52f,72,2025-07-01T19:49:36.358747,2025-07-04,delivered,False,,2026-05-14T19:49:36.371584
5d33c2fa-f740-4624-b2b7-164eaa9c8258,4fdd39c8-d338-4210-a947-7d7a18ffd5de,6f176354-1523-437d-917c-9fcf909ed0bc,299,2026-04-10T19:49:36.358747,2026-04-12,delivered,False,,2026-05-14T19:49:36.371626
6e6c5ba9-75aa-4e7d-b199-7dcca7732336,78e90da9-56fd-4222-b113-62f6b30846bf,b1208dde-8863-4c1f-a1cc-6c65878f8316,331,2026-03-16T19:49:36.358747,2026-03-18,delayed,False,,2026-05-14T19:49:36.371669
f55e0312-d70d-47a4-9a48-7988e28e1234,78e90da9-56fd-4222-b113-62f6b30846bf,ad61084c-5628-45bc-9dbd-f6084b0a5ed2,23,2026-03-16T19:49:36.358747,2026-03-20,delayed,False,,2026-05-14T19:49:36.371712
629f38ec-37e6-4926-80b9-f77a9453fae6,eab5aaea-d425-419a-9679-b6d0e685b32d,920beb94-392d-4d45-99e8-14ec69798aa6,122,2025-11-06T19:49:36.358747,2025-11-08,delivered,False,,2026-05-14T19:49:36.371754
777ca9d7-2f4c-4b6c-8983-8c40d28e1af4,4ea639df-c0be-44e1-86b8-7fb4cd6ea4e9,29c67ea0-fd8c-4e42-bcab-625e1260e889,17,2026-02-24T19:49:36.358747,2026-02-27,delivered,False,,2026-05-14T19:49:36.371796
feffc1d2-6d77-4152-a16f-59885e43b8a9,a52d8730-de9d-40b4-80e2-4eacf73529e0,b1208dde-8863-4c1f-a1cc-6c65878f8316,31,2025-12-22T19:49:36.358747,2025-12-25,delivered,False,,2026-05-14T19:49:36.371838
097919a6-ea13-4bcb-ba77-88a47391e1e8,6cee1fab-054a-4d0d-9781-3982daa1a9cd,29c67ea0-fd8c-4e42-bcab-625e1260e889,120,2026-01-14T19:49:36.358747,2026-01-17,pending,False,,2026-05-14T19:49:36.371880
b6ef3a68-00b7-475f-9c4c-d70e03cc28dc,2d6f9776-25b3-4677-9eb5-7e4e0223a504,589325e8-ed43-4f59-bec5-160a1c7739e6,59,2025-06-18T19:49:36.358747,2025-06-19,delivered,False,,2026-05-14T19:49:36.371923
ef20174c-63b0-4aeb-97c7-d9d0d77f823f,9e33fd57-802c-46cf-8de6-225f2a6fef06,9fb02bc6-4c92-42ba-b82d-09964e7150e0,85,2025-09-24T19:49:36.358747,2025-09-27,in_transit,False,,2026-05-14T19:49:36.371965
0a18888f-52d3-48c4-9748-2941a5dac802,ccf12a69-4b18-4456-ae6d-32b2d937a78c,ad61084c-5628-45bc-9dbd-f6084b0a5ed2,40,2026-04-17T19:49:36.358747,2026-04-21,in_transit,False,,2026-05-14T19:49:36.372008
02a923b7-4513-4ba3-a88d-7f9da904f0d4,2fd30533-52ca-48b6-ac2d-02278cc46176,00683dfc-65fe-4a94-b334-4ff169848269,58,2026-01-29T19:49:36.358747,2026-02-04,delivered,False,,2026-05-14T19:49:36.372051
e76b0b53-111a-4f5d-ba0a-fc26b3915f19,5b857683-1c51-474e-86c7-4b3af451024e,31715682-9f21-4349-8ca6-e44a4044d312,82,2026-01-15T19:49:36.358747,2026-01-17,pending,False,,2026-05-14T19:49:36.372093
71a5f26e-28aa-4657-81c9-3812105442ea,ccf12a69-4b18-4456-ae6d-32b2d937a78c,bb84cadb-6f5a-43f3-9292-e443a44cfb1d,57,2026-02-27T19:49:36.358747,2026-03-04,delivered,False,,2026-05-14T19:49:36.372136
dfba9f4d-4308-4af7-b8f9-8f01237b288d,d58ff740-5495-4cfa-91d5-2af1b2116a6b,0e9a0cc7-1b53-407b-9caf-2d2d4b1ff0a9,433,2026-05-01T19:49:36.358747,2026-05-04,delivered,False,,2026-05-14T19:49:36.372178
0e0ad1b1-5f29-4d9e-a1e7-60f59c253591,482d81a5-76e9-499f-a8b8-6f37eb8cb757,31715682-9f21-4349-8ca6-e44a4044d312,51,2026-05-06T19:49:36.358747,2026-05-09,pending,False,,2026-05-14T19:49:36.372221
12f4ad9e-10c6-4327-8bb5-0c74fc722e15,bfd701a9-5ee1-408c-864a-c61afff88353,589325e8-ed43-4f59-bec5-160a1c7739e6,82,2026-04-10T19:49:36.358747,2026-04-12,delivered,False,,2026-05-14T19:49:36.372264
168a31cd-e685-4e17-b540-46b773fb8065,4868a320-8a6d-4b5f-b122-0a9a6621fb37,b1208dde-8863-4c1f-a1cc-6c65878f8316,147,2025-09-25T19:49:36.358747,2025-09-28,delayed,False,,2026-05-14T19:49:36.372306
14258ba5-6895-4af0-8c5f-875ef6af6f5d,9055b84b-3a03-4f29-9045-3fd59cc9f5d0,45e53695-1506-4f45-b5b7-cb31c4797e0e,58,2025-06-11T19:49:36.358747,2025-06-14,delivered,False,,2026-05-14T19:49:36.372348
aaef3a53-123c-454e-93ac-15e6bb57df80,0bed27e9-ca09-4cc6-8026-88fa97ba4496,f6389092-6f95-4c40-8535-08b0c21124a0,72,2025-09-11T19:49:36.358747,2025-09-12,delivered,False,,2026-05-14T19:49:36.372390
5eada189-fe9b-4673-913d-9d752b5c49a0,34901ecc-424b-49e2-8442-330c59876f67,f843db1e-eb10-4099-ba26-42c3c384c6e7,26,2025-09-29T19:49:36.358747,2025-10-01,pending,False,,2026-05-14T19:49:36.372433
74580dc9-a53c-4ffc-bf4f-2ed7259b0baa,00e2e411-489d-47ae-ad54-5c530bb7af07,0e9a0cc7-1b53-407b-9caf-2d2d4b1ff0a9,335,2026-03-11T19:49:36.358747,2026-03-14,delivered,False,,2026-05-14T19:49:36.372475
cbf330e2-599a-4dfc-b350-bf91b5c60b88,036f8bee-072d-408b-a937-af802eb2c4a6,00683dfc-65fe-4a94-b334-4ff169848269,142,2025-10-31T19:49:36.358747,2025-11-06,delivered,False,,2026-05-14T19:49:36.372517
1d3d476d-38a0-4316-b7a9-f097a345977c,fe94d45c-847d-44e7-a34d-6887fd98847a,589325e8-ed43-4f59-bec5-160a1c7739e6,1056,2025-10-06T19:49:36.358747,2025-10-09,delivered,False,,2026-05-14T19:49:36.372559
a936bbe3-8bb0-4af9-bedd-11a779199492,036f8bee-072d-408b-a937-af802eb2c4a6,00683dfc-65fe-4a94-b334-4ff169848269,81,2026-01-24T19:49:36.358747,2026-01-30,delayed,False,,2026-05-14T19:49:36.372602
646a72c2-700c-438d-ae6e-26ef073cb564,50cc9640-dd9a-4519-af61-d5085f148369,f843db1e-eb10-4099-ba26-42c3c384c6e7,24,2025-09-24T19:49:36.358747,2025-09-25,delivered,False,,2026-05-14T19:49:36.372644
765027b4-1e76-4b34-af6c-8fc7d32ccc11,d97a427d-8f95-4867-a724-5dc31f715e96,29c67ea0-fd8c-4e42-bcab-625e1260e889,49,2025-06-06T19:49:36.358747,2025-06-08,delayed,False,,2026-05-14T19:49:36.372689
02c63f5f-2b5c-43c8-9baf-2462577a95b6,26719db9-9b13-4e95-8e10-7eb75055974f,937267a5-13c4-43fa-9841-18aa7b3116f9,53,2026-04-01T19:49:36.358747,2026-04-06,pending,False,,2026-05-14T19:49:36.372732
7d7e7444-4f0f-4315-a2a7-e31834ff8994,2d6f9776-25b3-4677-9eb5-7e4e0223a504,f5d30e3b-0fd7-4692-acd8-8f8213a9984a,347,2025-08-03T19:49:36.358747,2025-08-09,delayed,False,,2026-05-14T19:49:36.372775
0f113046-1e14-4f82-9415-9ddf4a2258d0,7f642993-84f6-44cb-95b2-2028eb22f5ba,6fe57ad1-2193-4ea6-8291-42ddfb3c9a49,89,2026-03-13T19:49:36.358747,2026-03-16,delayed,False,,2026-05-14T19:49:36.372817
19c8f300-3921-4f80-9484-1f3fccc75be2,7696c106-17ab-4826-a71c-49eff737c053,45e53695-1506-4f45-b5b7-cb31c4797e0e,95,2026-04-17T19:49:36.358747,2026-04-20,delivered,False,,2026-05-14T19:49:36.372860
9940b4c8-2f44-45b3-a519-cef796507131,b647a3f2-5c0e-4416-9129-31718085fc6f,6fe57ad1-2193-4ea6-8291-42ddfb3c9a49,304,2025-08-28T19:49:36.358747,2025-08-30,delivered,False,,2026-05-14T19:49:36.372902
ee92967f-6c9f-46ed-b8fa-249919f584ba,c8f0649a-61df-463e-bd9c-0970c729a775,9fb02bc6-4c92-42ba-b82d-09964e7150e0,39,2025-11-14T19:49:36.358747,2025-11-17,delivered,False,,2026-05-14T19:49:36.372945
303f5fbc-3aec-464a-815d-353e9413c09f,3fbe10a2-9d8f-4ea9-a2d6-16499f003cf9,31715682-9f21-4349-8ca6-e44a4044d312,44,2025-10-07T19:49:36.358747,2025-10-09,delayed,False,,2026-05-14T19:49:36.372988
9b07b33c-d1ac-4c00-9ea9-18255ff74859,b70d6d6e-5e1f-4a16-93e7-72811201e889,417f137f-a65d-40bf-8361-9a2bbab8b9a2,188,2025-06-19T19:49:36.358747,2025-06-23,delivered,False,,2026-05-14T19:49:36.373030
44281920-ed00-4e15-b921-b9c9d233ab17,e89dcc1e-b3c5-45bc-9d3f-f0232c7fbf3d,bb84cadb-6f5a-43f3-9292-e443a44cfb1d,29,2025-12-26T19:49:36.358747,2026-01-01,delivered,False,,2026-05-14T19:49:36.373073
ae5ba471-025c-46ee-8c61-5036540ad1bc,b24ac878-b31f-4a6e-955a-34153068a0b1,f843db1e-eb10-4099-ba26-42c3c384c6e7,53,2026-02-11T19:49:36.358747,2026-02-12,delivered,False,,2026-05-14T19:49:36.373115
45f2296b-f44c-4021-80a4-6edbcd32a754,5db89c33-b533-4b1c-bcd5-ac4abab9817a,937267a5-13c4-43fa-9841-18aa7b3116f9,56,2025-06-24T19:49:36.358747,2025-06-30,pending,False,,2026-05-14T19:49:36.373157
deddb9d5-de7f-4b5d-b7d0-5743a709de50,3a8ee060-990f-40a4-ba24-23ce747784cf,920beb94-392d-4d45-99e8-14ec69798aa6,93,2025-10-10T19:49:36.358747,2025-10-12,in_transit,False,,2026-05-14T19:49:36.373200
c901309f-22ce-45b8-9625-faa976975c62,e1058a27-65a5-4a68-b2d2-a145cff39651,417f137f-a65d-40bf-8361-9a2bbab8b9a2,111,2025-07-28T19:49:36.358747,2025-07-31,delayed,False,,2026-05-14T19:49:36.373243
57371574-f8ec-4e3b-bea0-5606cb835580,7effb498-d4cf-4562-a3dc-3fff7d9d4004,0e9a0cc7-1b53-407b-9caf-2d2d4b1ff0a9,74,2025-07-02T19:49:36.358747,2025-07-05,pending,False,,2026-05-14T19:49:36.373285
175cf4c4-6b26-45c5-acba-9a6326165e90,6cee1fab-054a-4d0d-9781-3982daa1a9cd,4aca3b60-5012-43c4-abc2-cd144f319367,56,2025-09-08T19:49:36.358747,2025-09-11,delivered,False,,2026-05-14T19:49:36.373328
c17f2c8b-de1d-491a-926e-d7fcbdc98a92,d2ee47c4-6669-4186-a433-ba73ca69def3,417f137f-a65d-40bf-8361-9a2bbab8b9a2,134,2026-03-17T19:49:36.358747,2026-03-20,pending,False,,2026-05-14T19:49:36.373370
0717f59e-7b39-4bc7-8270-18a7bc922bcd,e879bb2c-a142-42d2-b35b-eef240c98751,17b991fb-513c-4207-ad77-ec0be46f0305,97,2025-06-07T19:49:36.358747,2025-06-11,in_transit,False,,2026-05-14T19:49:36.373413
a02feedc-e936-424c-aff7-c7b3b3309a86,ccf12a69-4b18-4456-ae6d-32b2d937a78c,0e9a0cc7-1b53-407b-9caf-2d2d4b1ff0a9,23,2026-01-30T19:49:36.358747,2026-02-02,in_transit,False,,2026-05-14T19:49:36.373456
e3693a70-4b30-4954-8082-783bc2b8910a,eab5aaea-d425-419a-9679-b6d0e685b32d,00683dfc-65fe-4a94-b334-4ff169848269,52,2025-12-17T19:49:36.358747,2025-12-23,pending,False,,2026-05-14T19:49:36.373499
54c63be1-5aa4-4184-9ade-30424f5fb349,f6f392b4-c0bd-4731-9681-5649f2f0435f,920beb94-392d-4d45-99e8-14ec69798aa6,48,2025-10-31T19:49:36.358747,2025-11-01,in_transit,False,,2026-05-14T19:49:36.373542
f17a3cb1-2c41-4410-8048-22800ac7dec1,7f642993-84f6-44cb-95b2-2028eb22f5ba,bb566f94-e52c-4412-a82b-d8421628fdce,24,2025-11-14T19:49:36.358747,2025-11-18,delayed,False,,2026-05-14T19:49:36.373587
f6f2ebc8-8263-4296-bcfd-514579a4ce64,9055b84b-3a03-4f29-9045-3fd59cc9f5d0,920beb94-392d-4d45-99e8-14ec69798aa6,110,2025-09-19T19:49:36.358747,2025-09-21,delayed,False,,2026-05-14T19:49:36.373631
42c6b085-158a-4e36-9452-c4ef6ab3c63a,10dad2ad-1647-43b3-809a-b20dd7d488b4,ad47af14-149b-4b9c-b2f5-cb3f3e91b52f,150,2025-10-17T19:49:36.358747,2025-10-19,delivered,False,,2026-05-14T19:49:36.373674
68602243-ad4a-428a-b808-daa187035b31,bc3dd140-7195-4618-9a27-4e4bbe66a3ad,920beb94-392d-4d45-99e8-14ec69798aa6,85,2025-11-29T19:49:36.358747,2025-11-30,delayed,False,,2026-05-14T19:49:36.373717
31b72dab-73a3-4dee-bc96-8d47d8f01140,fe94d45c-847d-44e7-a34d-6887fd98847a,45e53695-1506-4f45-b5b7-cb31c4797e0e,53,2025-11-10T19:49:36.358747,2025-11-13,delivered,False,,2026-05-14T19:49:36.373759
f4a3ee1e-5820-435e-99ca-67b33263bc07,613f1902-2368-4b07-9b0b-0ed941f8ca3f,ad47af14-149b-4b9c-b2f5-cb3f3e91b52f,45,2025-10-21T19:49:36.358747,2025-10-24,delivered,False,,2026-05-14T19:49:36.373801
39c72711-7c83-48f5-b2e6-765b84f0ee63,e1058a27-65a5-4a68-b2d2-a145cff39651,417f137f-a65d-40bf-8361-9a2bbab8b9a2,201,2026-01-21T19:49:36.358747,2026-01-24,in_transit,False,,2026-05-14T19:49:36.373847
3be9ee55-c549-4d68-8295-4cf0e2a6f418,4868a320-8a6d-4b5f-b122-0a9a6621fb37,b1208dde-8863-4c1f-a1cc-6c65878f8316,175,2025-08-15T19:49:36.358747,2025-08-17,delayed,False,,2026-05-14T19:49:36.373902
3564835f-e2dd-489b-8c8c-9ac52d855b97,70a64c46-c46c-42ac-b6a4-d928e1c43cd3,f843db1e-eb10-4099-ba26-42c3c384c6e7,137,2025-06-18T19:49:36.358747,2025-06-20,in_transit,False,,2026-05-14T19:49:36.373945
84a6e516-806b-4498-8339-ee07aa33e109,c2c71b8a-a448-45f4-8dd3-6881aea204a0,6f176354-1523-437d-917c-9fcf909ed0bc,12,2026-02-13T19:49:36.358747,2026-02-15,delivered,False,,2026-05-14T19:49:36.373988
960b6823-fe7f-4317-976e-ee6710eef1ed,b89f4757-7b13-4010-8fa0-a950d6ef0520,6f176354-1523-437d-917c-9fcf909ed0bc,142,2025-06-27T19:49:36.358747,2025-06-29,delivered,False,,2026-05-14T19:49:36.374030
b8432984-b12b-4e10-a27f-d2e735ad84a9,2a8ef62b-0c89-4ac8-91d8-f743e7d9d731,ad47af14-149b-4b9c-b2f5-cb3f3e91b52f,121,2025-07-29T19:49:36.358747,2025-08-01,delayed,False,,2026-05-14T19:49:36.374073
d1200675-0eee-480e-a795-2dbbad65dbcf,5f810d20-b641-4084-9fe1-28765a08f313,9fb02bc6-4c92-42ba-b82d-09964e7150e0,96,2025-06-27T19:49:36.358747,2025-06-30,delivered,False,,2026-05-14T19:49:36.374115
de0b914f-8eb7-4a5e-9140-822eef878ba8,26719db9-9b13-4e95-8e10-7eb75055974f,29c67ea0-fd8c-4e42-bcab-625e1260e889,229,2025-12-10T19:49:36.358747,2025-12-13,delivered,False,,2026-05-14T19:49:36.374156
daeb2a03-65e9-4ee3-8725-235a77036b35,b647a3f2-5c0e-4416-9129-31718085fc6f,589325e8-ed43-4f59-bec5-160a1c7739e6,117,2025-12-05T19:49:36.358747,2025-12-07,pending,False,,2026-05-14T19:49:36.374199
dca07de8-ef43-4123-a0b6-8b6fae4bf40a,2d6f9776-25b3-4677-9eb5-7e4e0223a504,45e53695-1506-4f45-b5b7-cb31c4797e0e,60,2026-04-03T19:49:36.358747,2026-04-06,delayed,False,,2026-05-14T19:49:36.374241
4daf5cdc-ff58-43c6-b0a4-5f65b2e5dfc3,8e9ba15c-46ca-4703-94d1-5a9a8d599f80,417f137f-a65d-40bf-8361-9a2bbab8b9a2,123,2025-08-28T19:49:36.358747,2025-08-31,delivered,False,,2026-05-14T19:49:36.374284
ac8fd109-3c8a-4dde-b1c9-7e906ae089c6,9055b84b-3a03-4f29-9045-3fd59cc9f5d0,920beb94-392d-4d45-99e8-14ec69798aa6,113,2025-07-25T19:49:36.358747,2025-07-29,delivered,False,,2026-05-14T19:49:36.374326
28f92bd7-52d0-4033-9d09-906ac97ca3dd,26719db9-9b13-4e95-8e10-7eb75055974f,589325e8-ed43-4f59-bec5-160a1c7739e6,180,2026-04-13T19:49:36.358747,2026-04-15,delivered,False,,2026-05-14T19:49:36.374369
bc05c522-6150-4458-8ce7-a52fcf23840b,b24ac878-b31f-4a6e-955a-34153068a0b1,ad61084c-5628-45bc-9dbd-f6084b0a5ed2,235,2026-04-01T19:49:36.358747,2026-04-05,in_transit,False,,2026-05-14T19:49:36.374411
1a7c294c-8fc0-42f5-80a8-99ca69d04e51,613f1902-2368-4b07-9b0b-0ed941f8ca3f,eea54b34-d4ca-4d98-9111-bd08d2c701a7,17,2025-10-02T19:49:36.358747,2025-10-04,delivered,False,,2026-05-14T19:49:36.374453
200d23ab-3c32-4ab0-98d3-563aaf52494d,d785fad3-f7e3-4d41-b77f-59204d378cfc,f843db1e-eb10-4099-ba26-42c3c384c6e7,20,2025-12-19T19:49:36.358747,2025-12-20,delivered,False,,2026-05-14T19:49:36.374495
951337fc-48f4-4eae-b3d6-e9fcad380a7f,ccf12a69-4b18-4456-ae6d-32b2d937a78c,f6389092-6f95-4c40-8535-08b0c21124a0,91,2025-06-25T19:49:36.358747,2025-06-27,pending,False,,2026-05-14T19:49:36.374537
e7325e36-8b81-496a-abf6-7e1ea5496070,e178916b-c032-42ea-b53a-83c0a730430c,17b991fb-513c-4207-ad77-ec0be46f0305,116,2025-10-29T19:49:36.358747,2025-11-02,delivered,False,,2026-05-14T19:49:36.374579
1daf185d-a6aa-4d28-9172-4ef62c27c326,00e2e411-489d-47ae-ad54-5c530bb7af07,9fb02bc6-4c92-42ba-b82d-09964e7150e0,174,2025-11-25T19:49:36.358747,2025-11-26,delivered,False,,2026-05-14T19:49:36.374621
45e73b20-fec4-4ec5-9754-a28240a6d3f1,70a64c46-c46c-42ac-b6a4-d928e1c43cd3,f843db1e-eb10-4099-ba26-42c3c384c6e7,108,2025-06-13T19:49:36.358747,2025-06-14,delivered,False,,2026-05-14T19:49:36.374664
3a90050c-931c-49da-8c52-6d30ece02027,ccf12a69-4b18-4456-ae6d-32b2d937a78c,0ab49c1e-2b76-4773-9b0f-7bb455f376d9,27,2026-04-01T19:49:36.358747,2026-04-06,delivered,False,,2026-05-14T19:49:36.374706
5a7bdd0c-f867-4a80-a897-f8d24c1a6daa,43321739-8331-45ca-a26c-99eaf5248ed9,00683dfc-65fe-4a94-b334-4ff169848269,118,2025-06-05T19:49:36.358747,2025-06-11,delayed,False,,2026-05-14T19:49:36.374749
7e699bf4-adde-4009-97aa-4b6b72a9b76d,3a8ee060-990f-40a4-ba24-23ce747784cf,6fe57ad1-2193-4ea6-8291-42ddfb3c9a49,149,2025-06-05T19:49:36.358747,2025-06-09,delivered,False,,2026-05-14T19:49:36.374791
644b651e-4a88-498b-9bdb-2298d317bf5d,d785fad3-f7e3-4d41-b77f-59204d378cfc,f843db1e-eb10-4099-ba26-42c3c384c6e7,104,2026-01-23T19:49:36.358747,2026-01-24,delivered,False,,2026-05-14T19:49:36.374834
b5888185-4258-4d2a-a126-55779ddde8e1,9e33fd57-802c-46cf-8de6-225f2a6fef06,6f176354-1523-437d-917c-9fcf909ed0bc,62,2026-03-05T19:49:36.358747,2026-03-07,in_transit,False,,2026-05-14T19:49:36.374876
e11fa1cc-0244-4618-b01f-3196c4423171,e178916b-c032-42ea-b53a-83c0a730430c,f843db1e-eb10-4099-ba26-42c3c384c6e7,174,2025-08-11T19:49:36.358747,2025-08-12,delayed,False,,2026-05-14T19:49:36.374918
b4d8eb7d-19db-46d8-a241-1a12f8f9b6b9,bc78a363-54cf-4bb5-bdff-9f7ed3efb3a1,f5d30e3b-0fd7-4692-acd8-8f8213a9984a,95,2025-07-02T19:49:36.358747,2025-07-08,delivered,False,,2026-05-14T19:49:36.374960
eddf2818-7ff3-48c5-81eb-e8020a295626,a51519e9-be41-433b-b8c9-5a86d4275d1e,6f176354-1523-437d-917c-9fcf909ed0bc,132,2025-05-23T19:49:36.358747,2025-05-25,delivered,False,,2026-05-14T19:49:36.375002
95a87488-17a3-498e-aa0a-9bcf0be5ae72,80529d5d-907b-4629-84f9-8b956af1bd8c,45e53695-1506-4f45-b5b7-cb31c4797e0e,206,2026-04-22T19:49:36.358747,2026-04-25,delivered,False,,2026-05-14T19:49:36.375045
ad43d05c-1f48-4edb-b810-c95b757b2758,482d81a5-76e9-499f-a8b8-6f37eb8cb757,ad61084c-5628-45bc-9dbd-f6084b0a5ed2,72,2025-07-04T19:49:36.358747,2025-07-08,delivered,False,,2026-05-14T19:49:36.375087
71918089-7b89-452b-81fe-66d6ae408fa5,ad0943ad-c637-438f-9661-fe6b21b625f6,920beb94-392d-4d45-99e8-14ec69798aa6,63,2026-01-12T19:49:36.358747,2026-01-14,delivered,False,,2026-05-14T19:49:36.375129
05e15cf7-ddcb-47d3-ad2d-cc611e048b56,26719db9-9b13-4e95-8e10-7eb75055974f,0ab49c1e-2b76-4773-9b0f-7bb455f376d9,164,2026-02-04T19:49:36.358747,2026-02-08,delayed,False,,2026-05-14T19:49:36.375171
3acbd08d-e0b0-4f09-b70b-9a361587fa5f,6cee1fab-054a-4d0d-9781-3982daa1a9cd,589325e8-ed43-4f59-bec5-160a1c7739e6,180,2025-12-19T19:49:36.358747,2025-12-22,delivered,False,,2026-05-14T19:49:36.375212
8d612635-496f-400c-b3b5-906e897c533f,bfd701a9-5ee1-408c-864a-c61afff88353,bb566f94-e52c-4412-a82b-d8421628fdce,125,2026-01-30T19:49:36.358747,2026-02-04,pending,False,,2026-05-14T19:49:36.375255
d95ed078-23c8-4265-b7bc-2bc09dc9970f,8349385d-0163-4e73-9b36-5229d034473b,bb84cadb-6f5a-43f3-9292-e443a44cfb1d,48,2025-09-10T19:49:36.358747,2025-09-15,delivered,False,,2026-05-14T19:49:36.375298
49694bee-155d-4e49-a504-e3e266e61f97,34901ecc-424b-49e2-8442-330c59876f67,45e53695-1506-4f45-b5b7-cb31c4797e0e,21,2025-08-22T19:49:36.358747,2025-08-26,in_transit,False,,2026-05-14T19:49:36.375341
a9e93e20-e8de-4154-a72a-691e44018d07,a51519e9-be41-433b-b8c9-5a86d4275d1e,6f176354-1523-437d-917c-9fcf909ed0bc,151,2025-08-25T19:49:36.358747,2025-08-27,delivered,False,,2026-05-14T19:49:36.375383
2ebce5f0-a8dc-4483-b395-de9e937499e9,c8f0649a-61df-463e-bd9c-0970c729a775,6a58e677-274d-4820-8348-1bb1cae5add1,112,2025-11-17T19:49:36.358747,2025-11-19,delivered,False,,2026-05-14T19:49:36.375426
10849cd7-a27f-453d-a121-8bda770f119e,a3a78246-6e84-46ae-ba9c-45b0c57412c0,589325e8-ed43-4f59-bec5-160a1c7739e6,636,2026-01-14T19:49:36.358747,2026-01-16,pending,False,,2026-05-14T19:49:36.375468
d6ad2ca6-f572-4c11-a4ec-304feb9b2809,c8f0649a-61df-463e-bd9c-0970c729a775,bb84cadb-6f5a-43f3-9292-e443a44cfb1d,98,2026-03-25T19:49:36.358747,2026-03-31,delivered,False,,2026-05-14T19:49:36.375512
c5b41188-8c5e-447f-a06c-5d8cfc1d44c1,c2c71b8a-a448-45f4-8dd3-6881aea204a0,0e9a0cc7-1b53-407b-9caf-2d2d4b1ff0a9,132,2025-12-19T19:49:36.358747,2025-12-22,delivered,False,,2026-05-14T19:49:36.375555
49ca072a-0d1c-4596-b35f-5adeee14f1b6,eab5aaea-d425-419a-9679-b6d0e685b32d,00683dfc-65fe-4a94-b334-4ff169848269,47,2025-09-16T19:49:36.358747,2025-09-22,pending,False,,2026-05-14T19:49:36.375597
0883ae14-718e-4782-8d46-d8d55ed82fc4,0694a9d4-8be8-40b3-8d84-4c92a13ec43f,bb84cadb-6f5a-43f3-9292-e443a44cfb1d,405,2026-01-23T19:49:36.358747,2026-01-30,delivered,False,,2026-05-14T19:49:36.375640
46e1ab12-98f4-4ef9-aded-7ef133507aa4,00e2e411-489d-47ae-ad54-5c530bb7af07,b1208dde-8863-4c1f-a1cc-6c65878f8316,321,2026-03-19T19:49:36.358747,2026-03-22,in_transit,False,,2026-05-14T19:49:36.375683
40753452-6fe9-49cf-aafa-ae2647ec7560,e3cf76ed-9280-497d-931f-6046cfa89558,4c75f99b-a7cc-4be7-84c7-c283e4665674,40,2025-10-10T19:49:36.358747,2025-10-16,delivered,False,,2026-05-14T19:49:36.375725
d272552f-09ae-4c6e-ab9f-067815f615c5,32b01f52-ab61-4788-979d-9b4f6d29a345,0e9a0cc7-1b53-407b-9caf-2d2d4b1ff0a9,94,2025-09-01T19:49:36.358747,2025-09-05,pending,False,,2026-05-14T19:49:36.375767
b9f6107d-2b40-428a-9980-9282f9138e24,4868a320-8a6d-4b5f-b122-0a9a6621fb37,b1208dde-8863-4c1f-a1cc-6c65878f8316,23,2026-03-02T19:49:36.358747,2026-03-06,pending,False,,2026-05-14T19:49:36.375809
de641cde-a70c-4a2e-91b7-de1dcd3e5d80,b647a3f2-5c0e-4416-9129-31718085fc6f,920beb94-392d-4d45-99e8-14ec69798aa6,79,2025-10-13T19:49:36.358747,2025-10-15,delivered,False,,2026-05-14T19:49:36.375851
085f1d28-4bd6-4fad-833a-5322328071ef,3a8ee060-990f-40a4-ba24-23ce747784cf,bb566f94-e52c-4412-a82b-d8421628fdce,40,2026-04-10T19:49:36.358747,2026-04-13,delivered,False,,2026-05-14T19:49:36.375893
e1580ef4-c762-4657-bf83-5116f966120d,30342710-f176-489c-a5b9-3a994eab9ac0,589325e8-ed43-4f59-bec5-160a1c7739e6,173,2025-10-27T19:49:36.358747,2025-10-29,pending,False,,2026-05-14T19:49:36.375937
1155ea8a-626b-4658-8ef4-8e4d00e49e80,6764e923-92a6-40ef-a7c9-351c40a71697,9fb02bc6-4c92-42ba-b82d-09964e7150e0,32,2026-01-05T19:49:36.358747,2026-01-07,delivered,False,,2026-05-14T19:49:36.375980
87a471b3-73ce-492a-a71c-01fede4eee29,32b01f52-ab61-4788-979d-9b4f6d29a345,2f0bb9da-db00-4fe4-aca7-9e6f167bac3a,68,2025-06-12T19:49:36.358747,2025-06-18,delivered,False,,2026-05-14T19:49:36.376024
a8fa6dcb-c2a0-43ca-ada2-d89462157192,43321739-8331-45ca-a26c-99eaf5248ed9,f6389092-6f95-4c40-8535-08b0c21124a0,73,2025-11-14T19:49:36.358747,2025-11-15,delivered,False,,2026-05-14T19:49:36.376067
0db7330f-10f2-4def-ac63-e854ea5e9b62,d58ff740-5495-4cfa-91d5-2af1b2116a6b,6a58e677-274d-4820-8348-1bb1cae5add1,73,2025-05-29T19:49:36.358747,2025-06-01,delivered,False,,2026-05-14T19:49:36.376110
ea115088-28c5-495f-899c-053f9e8fb1c1,154cd4ae-e9af-4b05-956b-baa83fdfbfc0,6a58e677-274d-4820-8348-1bb1cae5add1,10,2026-04-10T19:49:36.358747,2026-04-13,delayed,False,,2026-05-14T19:49:36.376152
d06f233a-1780-4b01-8fac-b84c293a1de3,bc78a363-54cf-4bb5-bdff-9f7ed3efb3a1,937267a5-13c4-43fa-9841-18aa7b3116f9,74,2026-04-22T19:49:36.358747,2026-04-28,delayed,False,,2026-05-14T19:49:36.376194
8fde240e-97c1-4dea-9c25-f9dbf9001551,d97a427d-8f95-4867-a724-5dc31f715e96,ad61084c-5628-45bc-9dbd-f6084b0a5ed2,395,2025-08-22T19:49:36.358747,2025-08-27,delivered,False,,2026-05-14T19:49:36.376236
664df61a-ee6a-426f-bc90-b5975f7d6b14,26719db9-9b13-4e95-8e10-7eb75055974f,2c1061e7-77a8-4647-a7c3-1f89f660c7ea,72,2025-06-17T19:49:36.358747,2025-06-22,delivered,False,,2026-05-14T19:49:36.376278
58658a25-25db-49f0-aaa9-fcce5a9540f4,f346b852-2858-43d4-825a-03b89a4875c8,bb566f94-e52c-4412-a82b-d8421628fdce,705,2025-11-26T19:49:36.358747,2025-11-30,delivered,False,,2026-05-14T19:49:36.376322
8d216ba8-089b-4d8b-9a52-47bef5018b4e,f6f392b4-c0bd-4731-9681-5649f2f0435f,0ab49c1e-2b76-4773-9b0f-7bb455f376d9,91,2025-10-01T19:49:36.358747,2025-10-05,delivered,False,,2026-05-14T19:49:36.376364
d0a7168d-a9a7-45e9-8ffc-0c1ddfee7f2d,154cd4ae-e9af-4b05-956b-baa83fdfbfc0,f843db1e-eb10-4099-ba26-42c3c384c6e7,105,2025-09-02T19:49:36.358747,2025-09-03,delivered,False,,2026-05-14T19:49:36.376406
32277894-2dbf-4692-a469-be50e42e6fec,e89dcc1e-b3c5-45bc-9d3f-f0232c7fbf3d,6a85f38b-d328-4fa9-9f17-1b268d63f0e9,56,2025-10-09T19:49:36.358747,2025-10-12,delivered,False,,2026-05-14T19:49:36.376449
d9cb2d6e-774f-4421-bffa-aa390b4de9e3,154cd4ae-e9af-4b05-956b-baa83fdfbfc0,31715682-9f21-4349-8ca6-e44a4044d312,87,2025-12-01T19:49:36.358747,2025-12-04,delivered,False,,2026-05-14T19:49:36.376493
27bb8e3f-889e-4577-8a8a-7d51808837b8,ab2ee2cb-59df-46f1-b90c-04c95b951802,f843db1e-eb10-4099-ba26-42c3c384c6e7,50,2025-07-10T19:49:36.358747,2025-07-11,in_transit,False,,2026-05-14T19:49:36.376536
d8acb293-f6d4-479c-801b-1b90bf541185,6cee1fab-054a-4d0d-9781-3982daa1a9cd,f843db1e-eb10-4099-ba26-42c3c384c6e7,73,2026-04-23T19:49:36.358747,2026-04-25,delayed,False,,2026-05-14T19:49:36.376578
5c2fe21e-2f98-4562-8a10-af6a4a4ce7bf,4fdd39c8-d338-4210-a947-7d7a18ffd5de,ad61084c-5628-45bc-9dbd-f6084b0a5ed2,10,2025-12-25T19:49:36.358747,2025-12-30,delivered,False,,2026-05-14T19:49:36.376620
3dd7b59f-c823-45eb-b3c7-b7285147b099,5dc87cbd-7075-4c32-9d95-3654d75d6836,0e9a0cc7-1b53-407b-9caf-2d2d4b1ff0a9,243,2025-06-20T19:49:36.358747,2025-06-21,delivered,False,,2026-05-14T19:49:36.376662
c03b484f-169d-4955-a667-7c50befbedc7,a51519e9-be41-433b-b8c9-5a86d4275d1e,9fb02bc6-4c92-42ba-b82d-09964e7150e0,68,2026-03-02T19:49:36.358747,2026-03-05,delivered,False,,2026-05-14T19:49:36.376704
ca2879a9-b2f7-4c9a-8a56-8c80a2f74268,6cee1fab-054a-4d0d-9781-3982daa1a9cd,0e9a0cc7-1b53-407b-9caf-2d2d4b1ff0a9,29,2026-04-10T19:49:36.358747,2026-04-13,delivered,False,,2026-05-14T19:49:36.376747
28326969-2c79-4798-a77a-a3e86d6ec007,d785fad3-f7e3-4d41-b77f-59204d378cfc,f843db1e-eb10-4099-ba26-42c3c384c6e7,37,2025-07-28T19:49:36.358747,2025-07-30,in_transit,False,,2026-05-14T19:49:36.376788
eff1f7cc-b588-4824-a3a6-30a838f7c373,ad0943ad-c637-438f-9661-fe6b21b625f6,bb566f94-e52c-4412-a82b-d8421628fdce,190,2025-11-05T19:49:36.358747,2025-11-10,pending,False,,2026-05-14T19:49:36.376830
b47c456f-4b66-40b7-949d-c45d019daf32,eab5aaea-d425-419a-9679-b6d0e685b32d,589325e8-ed43-4f59-bec5-160a1c7739e6,160,2025-10-23T19:49:36.358747,2025-10-24,in_transit,False,,2026-05-14T19:49:36.376872
5aeb2156-27d3-40c6-9890-b92ad5dfba00,bc3dd140-7195-4618-9a27-4e4bbe66a3ad,bb84cadb-6f5a-43f3-9292-e443a44cfb1d,59,2026-02-06T19:49:36.358747,2026-02-12,delivered,False,,2026-05-14T19:49:36.376914
bb8688a7-a946-45b4-ae94-50d1a6960ee1,7f642993-84f6-44cb-95b2-2028eb22f5ba,0e9a0cc7-1b53-407b-9caf-2d2d4b1ff0a9,33,2026-01-01T19:49:36.358747,2026-01-04,in_transit,False,,2026-05-14T19:49:36.376956
10ae846b-4e1b-41e7-b696-0393b548f2b3,4fdd39c8-d338-4210-a947-7d7a18ffd5de,937267a5-13c4-43fa-9841-18aa7b3116f9,74,2025-09-05T19:49:36.358747,2025-09-11,pending,False,,2026-05-14T19:49:36.376999
542acfd7-3906-43da-a5be-5bc14e25be1c,b89f4757-7b13-4010-8fa0-a950d6ef0520,920beb94-392d-4d45-99e8-14ec69798aa6,158,2025-09-29T19:49:36.358747,2025-10-01,delivered,False,,2026-05-14T19:49:36.377040
807ed819-752a-440f-bf93-93c095fb5aff,d97a427d-8f95-4867-a724-5dc31f715e96,b7772cfb-9427-4bf8-94a6-f478bd24d2d1,67,2025-05-16T19:49:36.358747,2025-05-22,delivered,False,,2026-05-14T19:49:36.377084
ca8361bb-6d84-4ab0-a983-0a873efdaa28,78e90da9-56fd-4222-b113-62f6b30846bf,9fb02bc6-4c92-42ba-b82d-09964e7150e0,37,2025-05-15T19:49:36.358747,2025-05-18,delivered,False,,2026-05-14T19:49:36.377139
78306959-5688-48ce-ac1e-42009614281c,d58ff740-5495-4cfa-91d5-2af1b2116a6b,6a58e677-274d-4820-8348-1bb1cae5add1,144,2025-08-27T19:49:36.358747,2025-08-30,delayed,False,,2026-05-14T19:49:36.377187
5be5bbaa-15e0-445c-b717-d2ede89957d1,eab5aaea-d425-419a-9679-b6d0e685b32d,6f176354-1523-437d-917c-9fcf909ed0bc,116,2025-09-04T19:49:36.358747,2025-09-05,delivered,False,,2026-05-14T19:49:36.377228
3dabe366-8f6e-4753-b71d-b858c22e55c1,2d6f9776-25b3-4677-9eb5-7e4e0223a504,589325e8-ed43-4f59-bec5-160a1c7739e6,188,2025-08-05T19:49:36.358747,2025-08-07,delayed,False,,2026-05-14T19:49:36.377269
82bb1e3c-4591-465a-88b8-70d2cc8e8c13,32b01f52-ab61-4788-979d-9b4f6d29a345,937267a5-13c4-43fa-9841-18aa7b3116f9,59,2025-09-11T19:49:36.358747,2025-09-18,delivered,False,,2026-05-14T19:49:36.377310
77158319-8696-4aa2-93ca-5c70549f36a7,10dad2ad-1647-43b3-809a-b20dd7d488b4,0e9a0cc7-1b53-407b-9caf-2d2d4b1ff0a9,51,2025-12-03T19:49:36.358747,2025-12-05,delivered,False,,2026-05-14T19:49:36.377350
feaea2db-49f6-4c49-8988-e6326b25660c,af196ed4-4e70-48dd-b379-9975e91f4be8,f843db1e-eb10-4099-ba26-42c3c384c6e7,25,2025-08-05T19:49:36.358747,2025-08-06,in_transit,False,,2026-05-14T19:49:36.377391
74e7a99c-6c4f-4368-885d-7dc322a7261c,2fd30533-52ca-48b6-ac2d-02278cc46176,920beb94-392d-4d45-99e8-14ec69798aa6,32,2026-04-16T19:49:36.358747,2026-04-19,delivered,False,,2026-05-14T19:49:36.377431
19a86d0f-0239-4972-9a74-85f605b1027b,78e90da9-56fd-4222-b113-62f6b30846bf,f6389092-6f95-4c40-8535-08b0c21124a0,17,2025-11-28T19:49:36.358747,2025-11-30,in_transit,False,,2026-05-14T19:49:36.377472
d10e95a2-2853-45c2-8a88-2ee43c52d880,af196ed4-4e70-48dd-b379-9975e91f4be8,0ab49c1e-2b76-4773-9b0f-7bb455f376d9,106,2026-04-04T19:49:36.358747,2026-04-08,delivered,False,,2026-05-14T19:49:36.377513
f013bacc-dead-447d-9e74-61461476abe7,036f8bee-072d-408b-a937-af802eb2c4a6,937267a5-13c4-43fa-9841-18aa7b3116f9,58,2025-06-28T19:49:36.358747,2025-07-04,delivered,False,,2026-05-14T19:49:36.377553
fdf77a9e-68b5-4cdf-9ac7-265f7f21edda,30342710-f176-489c-a5b9-3a994eab9ac0,4aca3b60-5012-43c4-abc2-cd144f319367,87,2025-07-15T19:49:36.358747,2025-07-19,in_transit,False,,2026-05-14T19:49:36.377594
d9621efa-30e4-4162-951e-83cf33b373ae,b70d6d6e-5e1f-4a16-93e7-72811201e889,00683dfc-65fe-4a94-b334-4ff169848269,98,2025-07-09T19:49:36.358747,2025-07-15,delayed,False,,2026-05-14T19:49:36.377634
14c5ee4e-5de5-4092-b855-db6f05848027,9055b84b-3a03-4f29-9045-3fd59cc9f5d0,6a58e677-274d-4820-8348-1bb1cae5add1,67,2026-04-30T19:49:36.358747,2026-05-03,delayed,False,,2026-05-14T19:49:36.377675
a009b2f2-6fe7-4c55-9bef-8fb9795ee994,10dad2ad-1647-43b3-809a-b20dd7d488b4,937267a5-13c4-43fa-9841-18aa7b3116f9,115,2026-01-27T19:49:36.358747,2026-02-01,delivered,False,,2026-05-14T19:49:36.377715
badeaf09-af31-4f88-a611-46a19c064971,0bed27e9-ca09-4cc6-8026-88fa97ba4496,f843db1e-eb10-4099-ba26-42c3c384c6e7,30,2025-06-27T19:49:36.358747,2025-06-28,delivered,False,,2026-05-14T19:49:36.377756
353012e8-bc31-41f9-bf87-16368668cf3b,78e90da9-56fd-4222-b113-62f6b30846bf,ad47af14-149b-4b9c-b2f5-cb3f3e91b52f,103,2025-05-29T19:49:36.358747,2025-06-01,delivered,False,,2026-05-14T19:49:36.377796
68dee9d9-35ca-4baf-9289-38a13d4d01e8,5dc87cbd-7075-4c32-9d95-3654d75d6836,0e9a0cc7-1b53-407b-9caf-2d2d4b1ff0a9,91,2025-10-14T19:49:36.358747,2025-10-17,in_transit,False,,2026-05-14T19:49:36.377837
9484ca9b-b6e4-4951-878c-fb51f4a59912,00e2e411-489d-47ae-ad54-5c530bb7af07,0e9a0cc7-1b53-407b-9caf-2d2d4b1ff0a9,58,2025-12-02T19:49:36.358747,2025-12-05,delayed,False,,2026-05-14T19:49:36.377878
c3b68871-eaa7-4d87-a528-c3c5a18d3233,5db89c33-b533-4b1c-bcd5-ac4abab9817a,6fe57ad1-2193-4ea6-8291-42ddfb3c9a49,105,2025-11-06T19:49:36.358747,2025-11-08,pending,False,,2026-05-14T19:49:36.377919
441bf1a8-b1d2-45a4-8916-e6c1cc6a35ee,482d81a5-76e9-499f-a8b8-6f37eb8cb757,ad47af14-149b-4b9c-b2f5-cb3f3e91b52f,124,2025-12-29T19:49:36.358747,2025-12-31,pending,False,,2026-05-14T19:49:36.377964
684ab1a0-88a5-47fa-aa1d-be7f3c08275a,f346b852-2858-43d4-825a-03b89a4875c8,937267a5-13c4-43fa-9841-18aa7b3116f9,205,2025-10-30T19:49:36.358747,2025-11-05,delivered,False,,2026-05-14T19:49:36.378011
24d42ff6-2a8b-4043-8344-263835c22184,a51519e9-be41-433b-b8c9-5a86d4275d1e,6a58e677-274d-4820-8348-1bb1cae5add1,110,2025-07-23T19:49:36.358747,2025-07-26,in_transit,False,,2026-05-14T19:49:36.378051
e3a342b4-d265-4818-9ee9-3b8688f2e2e5,a51519e9-be41-433b-b8c9-5a86d4275d1e,f843db1e-eb10-4099-ba26-42c3c384c6e7,341,2025-08-22T19:49:36.358747,2025-08-24,delayed,False,,2026-05-14T19:49:36.378092
53fc155f-c766-4d80-bb1e-8ca5c7c68446,6e410fed-5f9b-471e-9c2c-882a23e70ef9,f6389092-6f95-4c40-8535-08b0c21124a0,20,2025-10-24T19:49:36.358747,2025-10-25,delayed,False,,2026-05-14T19:49:36.378133
64782b91-c9b9-4682-afec-955c55936d8e,d2ee47c4-6669-4186-a433-ba73ca69def3,31715682-9f21-4349-8ca6-e44a4044d312,54,2026-04-20T19:49:36.358747,2026-04-23,delivered,False,,2026-05-14T19:49:36.378174
add7cda8-107f-4bcc-ac14-647a1c39e989,26719db9-9b13-4e95-8e10-7eb75055974f,f843db1e-eb10-4099-ba26-42c3c384c6e7,136,2026-05-08T19:49:36.358747,2026-05-09,delivered,False,,2026-05-14T19:49:36.378215
64aca569-aebe-4443-a96c-25dc9d9c0c67,7ef64dfe-808f-4c10-b898-4d57cb025650,417f137f-a65d-40bf-8361-9a2bbab8b9a2,104,2025-10-20T19:49:36.358747,2025-10-23,delivered,False,,2026-05-14T19:49:36.378256
76960eb7-4b1d-4554-af42-e9f607862670,0619fb37-226b-40c6-866b-17d13dd8f98e,4aca3b60-5012-43c4-abc2-cd144f319367,55,2025-11-10T19:49:36.358747,2025-11-12,pending,False,,2026-05-14T19:49:36.378296
6b893fd4-afcc-4e9a-9de3-cda1298f742f,30342710-f176-489c-a5b9-3a994eab9ac0,ad47af14-149b-4b9c-b2f5-cb3f3e91b52f,43,2025-08-06T19:49:36.358747,2025-08-08,delayed,False,,2026-05-14T19:49:36.378341
c1baf1cb-2061-410d-b32c-c13fa7ab8291,4fdd39c8-d338-4210-a947-7d7a18ffd5de,0e9a0cc7-1b53-407b-9caf-2d2d4b1ff0a9,41,2026-03-26T19:49:36.358747,2026-03-30,delivered,False,,2026-05-14T19:49:36.378389
e810d717-cc23-414f-a124-2f882fb4f93a,b24ac878-b31f-4a6e-955a-34153068a0b1,31715682-9f21-4349-8ca6-e44a4044d312,42,2025-11-07T19:49:36.358747,2025-11-12,in_transit,False,,2026-05-14T19:49:36.378438
e9645b61-960b-4499-9615-af56e9911f2f,4868a320-8a6d-4b5f-b122-0a9a6621fb37,29c67ea0-fd8c-4e42-bcab-625e1260e889,133,2026-04-24T19:49:36.358747,2026-04-27,pending,False,,2026-05-14T19:49:36.378478
8a7e12c5-1080-49d7-8a1a-dd546d7c4f4e,43321739-8331-45ca-a26c-99eaf5248ed9,0ab49c1e-2b76-4773-9b0f-7bb455f376d9,45,2025-08-22T19:49:36.358747,2025-08-26,delivered,False,,2026-05-14T19:49:36.378519
c65e3ffb-09ca-4cce-911f-79405582484a,4868a320-8a6d-4b5f-b122-0a9a6621fb37,6fe57ad1-2193-4ea6-8291-42ddfb3c9a49,56,2025-07-05T19:49:36.358747,2025-07-07,delivered,False,,2026-05-14T19:49:36.378559
5b3c76c7-64b4-44a4-b5cb-7660f0ad149b,4fdd39c8-d338-4210-a947-7d7a18ffd5de,00683dfc-65fe-4a94-b334-4ff169848269,697,2025-12-12T19:49:36.358747,2025-12-18,delivered,False,,2026-05-14T19:49:36.378600
bbd8c8bf-9b02-4a7c-8981-26f84128be31,4868a320-8a6d-4b5f-b122-0a9a6621fb37,589325e8-ed43-4f59-bec5-160a1c7739e6,225,2025-05-16T19:49:36.358747,2025-05-18,delivered,False,,2026-05-14T19:49:36.378640
e7d61f53-6c81-425f-998e-5aae0742aaa6,27c115d5-5fa7-4dd0-8704-99db64c1d1a7,2f0bb9da-db00-4fe4-aca7-9e6f167bac3a,87,2025-06-04T19:49:36.358747,2025-06-10,delivered,False,,2026-05-14T19:49:36.378680
6be8c32b-26aa-4046-bf26-ebcd44e036fb,e1058a27-65a5-4a68-b2d2-a145cff39651,6a85f38b-d328-4fa9-9f17-1b268d63f0e9,54,2025-05-27T19:49:36.358747,2025-05-31,delivered,False,,2026-05-14T19:49:36.378721
5d550634-f943-465e-a375-8dda16c5eef8,7ef64dfe-808f-4c10-b898-4d57cb025650,ad61084c-5628-45bc-9dbd-f6084b0a5ed2,158,2025-07-22T19:49:36.358747,2025-07-26,delivered,False,,2026-05-14T19:49:36.378761
06777ca3-9b80-4f30-99a7-1d8104b296ac,2a8ef62b-0c89-4ac8-91d8-f743e7d9d731,31715682-9f21-4349-8ca6-e44a4044d312,149,2025-08-19T19:49:36.358747,2025-08-22,delivered,False,,2026-05-14T19:49:36.378802
6fc28b20-2c0d-4b94-85ab-b32eb5772b7b,7e58c27e-2271-4e20-9b9d-faf5ffd7c337,6fe57ad1-2193-4ea6-8291-42ddfb3c9a49,148,2025-05-31T19:49:36.358747,2025-06-01,delivered,False,,2026-05-14T19:49:36.378842
5a0d06ca-1242-457e-a5e5-e40d5a69265d,bc3dd140-7195-4618-9a27-4e4bbe66a3ad,6f176354-1523-437d-917c-9fcf909ed0bc,50,2025-10-01T19:49:36.358747,2025-10-03,in_transit,False,,2026-05-14T19:49:36.378882
07c5ba3d-e2f2-4eb4-8fe2-cdfc4a9f6e62,5b857683-1c51-474e-86c7-4b3af451024e,f843db1e-eb10-4099-ba26-42c3c384c6e7,84,2025-07-04T19:49:36.358747,2025-07-05,delayed,False,,2026-05-14T19:49:36.378923
a797aefe-1c18-4317-b9a9-b1a536e74011,5dc87cbd-7075-4c32-9d95-3654d75d6836,45e53695-1506-4f45-b5b7-cb31c4797e0e,103,2025-08-22T19:49:36.358747,2025-08-24,delivered,False,,2026-05-14T19:49:36.378964
9a40d3fa-9e23-4350-a6a7-4a4de16bdb10,0915b33c-453b-4991-8bc0-f69300e81ba0,589325e8-ed43-4f59-bec5-160a1c7739e6,122,2025-12-05T19:49:36.358747,2025-12-07,delivered,False,,2026-05-14T19:49:36.379004
32f97463-e8fc-43aa-828b-5fd2b66fceae,37921e4b-cae6-4cb7-aecd-16c556a54e68,f843db1e-eb10-4099-ba26-42c3c384c6e7,140,2025-11-14T19:49:36.358747,2025-11-16,delayed,False,,2026-05-14T19:49:36.379044
20881292-5e52-42b6-91d1-9a70d600eccb,7ef64dfe-808f-4c10-b898-4d57cb025650,17b991fb-513c-4207-ad77-ec0be46f0305,175,2026-02-05T19:49:36.358747,2026-02-09,in_transit,False,,2026-05-14T19:49:36.379085
745c3114-384c-44bb-a715-501c40aa756b,78e90da9-56fd-4222-b113-62f6b30846bf,6f176354-1523-437d-917c-9fcf909ed0bc,85,2025-12-12T19:49:36.358747,2025-12-13,delivered,False,,2026-05-14T19:49:36.379125
975b5846-e91f-4056-8cff-45112154d5d4,a52d8730-de9d-40b4-80e2-4eacf73529e0,f843db1e-eb10-4099-ba26-42c3c384c6e7,126,2025-11-17T19:49:36.358747,2025-11-18,delayed,False,,2026-05-14T19:49:36.379165
df2bd3dd-f20e-4cac-8933-f364d2a826ed,3fbe10a2-9d8f-4ea9-a2d6-16499f003cf9,f843db1e-eb10-4099-ba26-42c3c384c6e7,111,2025-07-25T19:49:36.358747,2025-07-26,delivered,False,,2026-05-14T19:49:36.379206
e2760b5c-3e11-4abf-ad1c-a56d8844c83b,a3a78246-6e84-46ae-ba9c-45b0c57412c0,45e53695-1506-4f45-b5b7-cb31c4797e0e,37,2026-02-27T19:49:36.358747,2026-03-03,in_transit,False,,2026-05-14T19:49:36.379247
e026b572-dabe-479d-a0e4-14e4684f9b99,0694a9d4-8be8-40b3-8d84-4c92a13ec43f,2f0bb9da-db00-4fe4-aca7-9e6f167bac3a,87,2025-09-30T19:49:36.358747,2025-10-05,delivered,False,,2026-05-14T19:49:36.379289
5b931909-24e0-4206-8b78-35daeea56d3b,d2ee47c4-6669-4186-a433-ba73ca69def3,0e9a0cc7-1b53-407b-9caf-2d2d4b1ff0a9,92,2025-08-12T19:49:36.358747,2025-08-15,delivered,False,,2026-05-14T19:49:36.379331
af351d5b-3b9e-43bf-b497-9b633de46289,e89dcc1e-b3c5-45bc-9d3f-f0232c7fbf3d,f6389092-6f95-4c40-8535-08b0c21124a0,190,2025-07-03T19:49:36.358747,2025-07-04,in_transit,False,,2026-05-14T19:49:36.379376
bd68123e-3cb5-4beb-afd1-ed01cb5ef31d,f346b852-2858-43d4-825a-03b89a4875c8,f5d30e3b-0fd7-4692-acd8-8f8213a9984a,97,2025-08-16T19:49:36.358747,2025-08-22,in_transit,False,,2026-05-14T19:49:36.379466
00f80cbd-706c-4bcd-8d83-e141cc506efb,e178916b-c032-42ea-b53a-83c0a730430c,920beb94-392d-4d45-99e8-14ec69798aa6,63,2025-09-15T19:49:36.358747,2025-09-17,delivered,False,,2026-05-14T19:49:36.379524
766940ff-1607-4505-afea-6c97bc89a01b,b381ccea-475b-4f40-915b-c5d1e1550a2b,9fb02bc6-4c92-42ba-b82d-09964e7150e0,107,2026-02-23T19:49:36.358747,2026-02-26,delayed,False,,2026-05-14T19:49:36.379568
26a334e6-a68b-42ef-b3c2-3a5abaeec38e,26719db9-9b13-4e95-8e10-7eb75055974f,589325e8-ed43-4f59-bec5-160a1c7739e6,245,2026-01-30T19:49:36.358747,2026-02-01,in_transit,False,,2026-05-14T19:49:36.379612
4e1ef139-e9d0-44a3-a126-12993bb50007,ce29f402-2f4c-44e7-bfc4-cbf36d01930a,b1208dde-8863-4c1f-a1cc-6c65878f8316,77,2026-03-30T19:49:36.358747,2026-04-02,in_transit,False,,2026-05-14T19:49:36.379665
5b7964b5-3b1e-4615-b74d-f515493ba58e,bc78a363-54cf-4bb5-bdff-9f7ed3efb3a1,bb566f94-e52c-4412-a82b-d8421628fdce,286,2026-02-14T19:49:36.358747,2026-02-18,delivered,False,,2026-05-14T19:49:36.379708
b2b55ede-6095-4309-ac1b-445e1d8a262f,bc78a363-54cf-4bb5-bdff-9f7ed3efb3a1,ad61084c-5628-45bc-9dbd-f6084b0a5ed2,205,2025-10-23T19:49:36.358747,2025-10-26,in_transit,False,,2026-05-14T19:49:36.379750
e9609016-984a-4948-854a-ccbf87bde5c1,ab2ee2cb-59df-46f1-b90c-04c95b951802,9fb02bc6-4c92-42ba-b82d-09964e7150e0,111,2026-05-08T19:49:36.358747,2026-05-11,delivered,False,,2026-05-14T19:49:36.379792
e9badbe4-0c81-4c31-8a5d-b8e0bbf28750,43321739-8331-45ca-a26c-99eaf5248ed9,f843db1e-eb10-4099-ba26-42c3c384c6e7,96,2025-06-20T19:49:36.358747,2025-06-22,delivered,False,,2026-05-14T19:49:36.379834
096c83ea-40f0-4949-bdcd-b725371a3796,eab5aaea-d425-419a-9679-b6d0e685b32d,6a58e677-274d-4820-8348-1bb1cae5add1,59,2025-09-17T19:49:36.358747,2025-09-21,delivered,False,,2026-05-14T19:49:36.379876
d7e415da-c426-474c-a1b0-ca6a51010aa7,43321739-8331-45ca-a26c-99eaf5248ed9,f6389092-6f95-4c40-8535-08b0c21124a0,566,2025-09-22T19:49:36.358747,2025-09-23,delivered,False,,2026-05-14T19:49:36.379918
3392df61-93e0-42a2-a520-1f00f30765b0,297dd953-c79a-4865-a876-60fdf7fa7807,45e53695-1506-4f45-b5b7-cb31c4797e0e,63,2025-12-12T19:49:36.358747,2025-12-16,delivered,False,,2026-05-14T19:49:36.379967
14792a8c-94da-4792-80f1-81ad4876e6f3,d58ff740-5495-4cfa-91d5-2af1b2116a6b,417f137f-a65d-40bf-8361-9a2bbab8b9a2,318,2025-06-20T19:49:36.358747,2025-06-23,delivered,False,,2026-05-14T19:49:36.380024
22622116-9a07-49b0-a71f-a2a4749a6b5b,4868a320-8a6d-4b5f-b122-0a9a6621fb37,f843db1e-eb10-4099-ba26-42c3c384c6e7,64,2025-10-21T19:49:36.358747,2025-10-22,in_transit,False,,2026-05-14T19:49:36.380066
824742ba-b822-493e-8a21-84613c3393b0,eab5aaea-d425-419a-9679-b6d0e685b32d,2c1061e7-77a8-4647-a7c3-1f89f660c7ea,30,2026-01-07T19:49:36.358747,2026-01-13,delivered,False,,2026-05-14T19:49:36.380107
65165cc8-98e0-40e3-97fc-7c5adbbd8463,ad0943ad-c637-438f-9661-fe6b21b625f6,417f137f-a65d-40bf-8361-9a2bbab8b9a2,40,2025-11-27T19:49:36.358747,2025-11-30,delivered,False,,2026-05-14T19:49:36.380149
15691839-8ca7-466a-95b5-08cba32c070b,297dd953-c79a-4865-a876-60fdf7fa7807,6f176354-1523-437d-917c-9fcf909ed0bc,87,2025-11-11T19:49:36.358747,2025-11-13,pending,False,,2026-05-14T19:49:36.380191
9ef9267a-02f7-45ec-afcc-e1c2aab7a745,e3cf76ed-9280-497d-931f-6046cfa89558,2c1061e7-77a8-4647-a7c3-1f89f660c7ea,311,2026-02-20T19:49:36.358747,2026-02-26,delivered,False,,2026-05-14T19:49:36.380232
444a8d4a-7725-45af-b168-803cd8b48d94,e1058a27-65a5-4a68-b2d2-a145cff39651,eea54b34-d4ca-4d98-9111-bd08d2c701a7,197,2025-06-20T19:49:36.358747,2025-06-23,in_transit,False,,2026-05-14T19:49:36.380274
561e5897-2347-413a-93ad-b72d7fcf68e6,4fdd39c8-d338-4210-a947-7d7a18ffd5de,6f176354-1523-437d-917c-9fcf909ed0bc,86,2026-03-07T19:49:36.358747,2026-03-09,delivered,False,,2026-05-14T19:49:36.380315
9a06d98f-7515-407c-b672-a72d0d325e9d,00e2e411-489d-47ae-ad54-5c530bb7af07,920beb94-392d-4d45-99e8-14ec69798aa6,36,2025-05-20T19:49:36.358747,2025-05-22,delivered,False,,2026-05-14T19:49:36.380357
b78d924b-55a5-4515-ab22-e422fc483972,37921e4b-cae6-4cb7-aecd-16c556a54e68,f5d30e3b-0fd7-4692-acd8-8f8213a9984a,102,2026-01-23T19:49:36.358747,2026-01-29,delivered,False,,2026-05-14T19:49:36.380398
2057a266-20a0-4f94-94c8-c2de90de46de,ccf12a69-4b18-4456-ae6d-32b2d937a78c,9fb02bc6-4c92-42ba-b82d-09964e7150e0,113,2026-04-03T19:49:36.358747,2026-04-08,delivered,False,,2026-05-14T19:49:36.380440
c88fe1c0-6ff1-415f-aa79-afeffea9f88e,d785fad3-f7e3-4d41-b77f-59204d378cfc,937267a5-13c4-43fa-9841-18aa7b3116f9,54,2025-07-30T19:49:36.358747,2025-08-05,delivered,False,,2026-05-14T19:49:36.380481
469d12bc-747f-4c00-b0eb-a024b68b5f84,30342710-f176-489c-a5b9-3a994eab9ac0,920beb94-392d-4d45-99e8-14ec69798aa6,54,2025-08-13T19:49:36.358747,2025-08-15,delivered,False,,2026-05-14T19:49:36.380522
4bf5b351-7e8a-4ccf-8507-83b1d7630cf9,af196ed4-4e70-48dd-b379-9975e91f4be8,29c67ea0-fd8c-4e42-bcab-625e1260e889,54,2025-05-31T19:49:36.358747,2025-06-04,delivered,False,,2026-05-14T19:49:36.380564
99f3049e-c142-4d6c-965c-3d3ef4978fde,8e9ba15c-46ca-4703-94d1-5a9a8d599f80,bb566f94-e52c-4412-a82b-d8421628fdce,280,2025-09-26T19:49:36.358747,2025-09-30,delivered,False,,2026-05-14T19:49:36.380605
aa2bd88d-6925-44d1-b806-69d4fa6f87aa,4868a320-8a6d-4b5f-b122-0a9a6621fb37,29c67ea0-fd8c-4e42-bcab-625e1260e889,46,2025-07-30T19:49:36.358747,2025-08-02,delivered,False,,2026-05-14T19:49:36.380647
2e6d35c1-5e97-44ca-8fd2-b975705150f4,e1058a27-65a5-4a68-b2d2-a145cff39651,417f137f-a65d-40bf-8361-9a2bbab8b9a2,57,2025-10-24T19:49:36.358747,2025-10-27,pending,False,,2026-05-14T19:49:36.380688
8e9b5d0b-0745-47c7-94b1-d3e6f80f5960,d2ee47c4-6669-4186-a433-ba73ca69def3,31715682-9f21-4349-8ca6-e44a4044d312,105,2026-04-21T19:49:36.358747,2026-04-23,delivered,False,,2026-05-14T19:49:36.380729
e7e7d209-e64f-4285-afb0-6f28676fb6e4,4ea639df-c0be-44e1-86b8-7fb4cd6ea4e9,ad61084c-5628-45bc-9dbd-f6084b0a5ed2,310,2026-04-09T19:49:36.358747,2026-04-14,delivered,False,,2026-05-14T19:49:36.380771
a225925e-dcaa-4ce8-9adb-a92a2d7f0e30,ce29f402-2f4c-44e7-bfc4-cbf36d01930a,f843db1e-eb10-4099-ba26-42c3c384c6e7,55,2026-03-06T19:49:36.358747,2026-03-07,delayed,False,,2026-05-14T19:49:36.380812
dcd38bc9-b182-46ee-ad5d-4cf02dc91734,bfd701a9-5ee1-408c-864a-c61afff88353,f843db1e-eb10-4099-ba26-42c3c384c6e7,113,2025-10-31T19:49:36.358747,2025-11-01,delayed,False,,2026-05-14T19:49:36.380854
db7bf0fe-a657-4521-ae7c-127015f87cc9,7e58c27e-2271-4e20-9b9d-faf5ffd7c337,f843db1e-eb10-4099-ba26-42c3c384c6e7,152,2025-05-30T19:49:36.358747,2025-06-02,delayed,False,,2026-05-14T19:49:36.380902
3b4e9751-59e4-4e14-a663-bdd4aec9cf77,eab5aaea-d425-419a-9679-b6d0e685b32d,f5d30e3b-0fd7-4692-acd8-8f8213a9984a,78,2025-11-17T19:49:36.358747,2025-11-23,delayed,False,,2026-05-14T19:49:36.380954
38db7745-88dc-4b1b-a771-b00806e37ecc,a3a78246-6e84-46ae-ba9c-45b0c57412c0,589325e8-ed43-4f59-bec5-160a1c7739e6,29,2026-01-20T19:49:36.358747,2026-01-22,delivered,False,,2026-05-14T19:49:36.381007
5b2ab000-9961-411d-a87c-2ecb14b63858,78e90da9-56fd-4222-b113-62f6b30846bf,ad47af14-149b-4b9c-b2f5-cb3f3e91b52f,87,2025-08-09T19:49:36.358747,2025-08-13,delivered,False,,2026-05-14T19:49:36.381051
cdaeff94-ef3e-42bd-a029-17c0e1516786,b9d977b4-833e-49c9-b626-8488695adbd7,6fe57ad1-2193-4ea6-8291-42ddfb3c9a49,59,2025-11-18T19:49:36.358747,2025-11-20,in_transit,False,,2026-05-14T19:49:36.381094
27d21c2a-37f4-491d-97a2-158cea14b7c9,bc3dd140-7195-4618-9a27-4e4bbe66a3ad,bb84cadb-6f5a-43f3-9292-e443a44cfb1d,88,2025-06-10T19:49:36.358747,2025-06-17,delivered,False,,2026-05-14T19:49:36.381136
f6edaa02-94ad-4c18-92a1-7f4087e494ae,27c115d5-5fa7-4dd0-8704-99db64c1d1a7,6f176354-1523-437d-917c-9fcf909ed0bc,679,2026-04-10T19:49:36.358747,2026-04-12,pending,False,,2026-05-14T19:49:36.381178
e8ed640a-45a9-4169-ac87-35d6d2154d19,ccf12a69-4b18-4456-ae6d-32b2d937a78c,6a85f38b-d328-4fa9-9f17-1b268d63f0e9,60,2026-04-20T19:49:36.358747,2026-04-24,pending,False,,2026-05-14T19:49:36.381220
e7b3b827-7f4c-4eb5-a8b3-1ea3dea953ca,6cee1fab-054a-4d0d-9781-3982daa1a9cd,920beb94-392d-4d45-99e8-14ec69798aa6,155,2026-01-23T19:49:36.358747,2026-01-26,delivered,False,,2026-05-14T19:49:36.381271
92e9cdfa-71c6-4151-90e3-6ba755ee5bc0,eab5aaea-d425-419a-9679-b6d0e685b32d,f843db1e-eb10-4099-ba26-42c3c384c6e7,143,2025-12-17T19:49:36.358747,2025-12-18,delayed,False,,2026-05-14T19:49:36.381315
042c13bf-204f-40d5-8627-cd8870480996,10dad2ad-1647-43b3-809a-b20dd7d488b4,6fe57ad1-2193-4ea6-8291-42ddfb3c9a49,144,2025-07-11T19:49:36.358747,2025-07-14,delivered,False,,2026-05-14T19:49:36.381356
368ffd0b-b328-4bc1-8f28-a3c0bae0a184,482d81a5-76e9-499f-a8b8-6f37eb8cb757,f843db1e-eb10-4099-ba26-42c3c384c6e7,173,2026-03-02T19:49:36.358747,2026-03-03,delivered,False,,2026-05-14T19:49:36.381398
90d0e4aa-797e-4078-992d-708f7f440911,50cc9640-dd9a-4519-af61-d5085f148369,f843db1e-eb10-4099-ba26-42c3c384c6e7,211,2026-04-13T19:49:36.358747,2026-04-15,delivered,False,,2026-05-14T19:49:36.381439
d8a84b91-6897-440f-a586-a587cb47f5a6,d58ff740-5495-4cfa-91d5-2af1b2116a6b,417f137f-a65d-40bf-8361-9a2bbab8b9a2,271,2025-10-08T19:49:36.358747,2025-10-11,pending,False,,2026-05-14T19:49:36.381481
32f006c0-e5e8-466f-bd75-4e09c510e6a0,70a64c46-c46c-42ac-b6a4-d928e1c43cd3,ad61084c-5628-45bc-9dbd-f6084b0a5ed2,78,2025-06-05T19:49:36.358747,2025-06-09,delivered,False,,2026-05-14T19:49:36.381522
37ce5ede-e5d9-4bf4-8636-1fb31bd24053,bfd701a9-5ee1-408c-864a-c61afff88353,29c67ea0-fd8c-4e42-bcab-625e1260e889,236,2025-12-12T19:49:36.358747,2025-12-15,delivered,False,,2026-05-14T19:49:36.381564
96935498-cdab-44bc-8e76-7cab6e2821ac,26719db9-9b13-4e95-8e10-7eb75055974f,920beb94-392d-4d45-99e8-14ec69798aa6,120,2026-01-19T19:49:36.358747,2026-01-21,delivered,False,,2026-05-14T19:49:36.381614
b8bc31c1-04fd-41d3-9734-c9e28381a8f0,b3ff0bb8-5672-4610-a289-2ad9598170bb,0ab49c1e-2b76-4773-9b0f-7bb455f376d9,92,2025-07-31T19:49:36.358747,2025-08-05,delivered,False,,2026-05-14T19:49:36.381659
b60ed041-3641-4186-a513-68e353076429,3a8ee060-990f-40a4-ba24-23ce747784cf,6fe57ad1-2193-4ea6-8291-42ddfb3c9a49,104,2026-01-10T19:49:36.358747,2026-01-12,delivered,False,,2026-05-14T19:49:36.381700
19038418-8d5f-4e96-a964-4a69363f38d7,0694a9d4-8be8-40b3-8d84-4c92a13ec43f,9fb02bc6-4c92-42ba-b82d-09964e7150e0,30,2025-11-06T19:49:36.358747,2025-11-09,delivered,False,,2026-05-14T19:49:36.381741
b1a5d756-52c9-40b3-9a43-990c3232a64d,9e33fd57-802c-46cf-8de6-225f2a6fef06,f6389092-6f95-4c40-8535-08b0c21124a0,150,2025-10-31T19:49:36.358747,2025-11-03,delivered,False,,2026-05-14T19:49:36.381783
d1c8d055-c4e1-4719-a29b-9ee25cbbf21e,b89f4757-7b13-4010-8fa0-a950d6ef0520,6f176354-1523-437d-917c-9fcf909ed0bc,70,2025-07-18T19:49:36.358747,2025-07-20,delivered,False,,2026-05-14T19:49:36.381825
30e3e643-ca48-44d3-abea-9e446f16c74b,0915b33c-453b-4991-8bc0-f69300e81ba0,920beb94-392d-4d45-99e8-14ec69798aa6,109,2025-11-25T19:49:36.358747,2025-11-28,delayed,False,,2026-05-14T19:49:36.381866
d975ff44-10ee-40f2-bc92-35be12024ebd,d2ee47c4-6669-4186-a433-ba73ca69def3,ad61084c-5628-45bc-9dbd-f6084b0a5ed2,83,2026-03-13T19:49:36.358747,2026-03-17,delivered,False,,2026-05-14T19:49:36.381908
76293670-a469-420c-9ef1-b0331b642df7,613f1902-2368-4b07-9b0b-0ed941f8ca3f,eea54b34-d4ca-4d98-9111-bd08d2c701a7,146,2025-05-19T19:49:36.358747,2025-05-22,delayed,False,,2026-05-14T19:49:36.381950
11901111-547b-4dba-8471-1891885c9951,036f8bee-072d-408b-a937-af802eb2c4a6,6fe57ad1-2193-4ea6-8291-42ddfb3c9a49,62,2025-12-19T19:49:36.358747,2025-12-21,delivered,False,,2026-05-14T19:49:36.381991
27b49e75-60d0-4d5a-9ba4-f34c72407966,b647a3f2-5c0e-4416-9129-31718085fc6f,f843db1e-eb10-4099-ba26-42c3c384c6e7,212,2025-11-11T19:49:36.358747,2025-11-12,delivered,False,,2026-05-14T19:49:36.382033
a5be99e2-87bb-43e6-ac49-84cba2ffe381,e178916b-c032-42ea-b53a-83c0a730430c,6a58e677-274d-4820-8348-1bb1cae5add1,100,2025-09-16T19:49:36.358747,2025-09-19,delivered,False,,2026-05-14T19:49:36.382074
b150ec2e-ab2e-48ec-ab6d-d848ba71ee3c,5b857683-1c51-474e-86c7-4b3af451024e,f843db1e-eb10-4099-ba26-42c3c384c6e7,234,2025-10-15T19:49:36.358747,2025-10-16,delayed,False,,2026-05-14T19:49:36.382117
fb32facd-1d82-4a58-b8b4-eb1dce3536ae,c2c71b8a-a448-45f4-8dd3-6881aea204a0,bb84cadb-6f5a-43f3-9292-e443a44cfb1d,57,2025-08-04T19:49:36.358747,2025-08-10,delivered,False,,2026-05-14T19:49:36.382169
803b89a4-b58b-44e7-89f3-6524adf3de74,bfd701a9-5ee1-408c-864a-c61afff88353,f843db1e-eb10-4099-ba26-42c3c384c6e7,314,2026-02-03T19:49:36.358747,2026-02-04,delivered,False,,2026-05-14T19:49:36.382211
b794f579-7efe-4e02-93ef-2cb30964d98a,613f1902-2368-4b07-9b0b-0ed941f8ca3f,589325e8-ed43-4f59-bec5-160a1c7739e6,57,2025-06-13T19:49:36.358747,2025-06-16,delivered,False,,2026-05-14T19:49:36.382252
70638294-e244-4412-aa12-3b8e9c595538,a52d8730-de9d-40b4-80e2-4eacf73529e0,bb566f94-e52c-4412-a82b-d8421628fdce,28,2025-06-20T19:49:36.358747,2025-06-22,delivered,False,,2026-05-14T19:49:36.382294
9520a15a-6382-4069-99ee-b98a143c1c8e,b647a3f2-5c0e-4416-9129-31718085fc6f,920beb94-392d-4d45-99e8-14ec69798aa6,127,2025-08-08T19:49:36.358747,2025-08-10,delayed,False,,2026-05-14T19:49:36.382341
694fe43e-70ab-4aea-94c8-75c0e718119c,4ea639df-c0be-44e1-86b8-7fb4cd6ea4e9,9fb02bc6-4c92-42ba-b82d-09964e7150e0,39,2026-04-14T19:49:36.358747,2026-04-17,delivered,False,,2026-05-14T19:49:36.382382
87372a28-03d4-4c56-b1c8-7039b52e9b68,b89f4757-7b13-4010-8fa0-a950d6ef0520,9fb02bc6-4c92-42ba-b82d-09964e7150e0,109,2025-06-06T19:49:36.358747,2025-06-09,pending,False,,2026-05-14T19:49:36.382424
5ff2532d-c625-4885-984c-ec7e24d78afb,eab5aaea-d425-419a-9679-b6d0e685b32d,6a58e677-274d-4820-8348-1bb1cae5add1,32,2026-01-16T19:49:36.358747,2026-01-19,in_transit,False,,2026-05-14T19:49:36.382465
6e61858e-84b5-4cd4-8332-2ad08c8fd7ee,d2ee47c4-6669-4186-a433-ba73ca69def3,589325e8-ed43-4f59-bec5-160a1c7739e6,151,2025-11-04T19:49:36.358747,2025-11-06,delivered,False,,2026-05-14T19:49:36.382507
b1d99fb3-38a2-4861-a2d4-32edb5040482,4fdd39c8-d338-4210-a947-7d7a18ffd5de,9fb02bc6-4c92-42ba-b82d-09964e7150e0,394,2025-06-11T19:49:36.358747,2025-06-13,pending,False,,2026-05-14T19:49:36.382549
d5dbd0b8-bd8f-4a30-849f-c366171d6ea4,036f8bee-072d-408b-a937-af802eb2c4a6,29c67ea0-fd8c-4e42-bcab-625e1260e889,26,2026-05-06T19:49:36.358747,2026-05-09,in_transit,False,,2026-05-14T19:49:36.382591
d95ca6c2-95e6-4f53-bb09-92eb61b3bfae,ce29f402-2f4c-44e7-bfc4-cbf36d01930a,bb84cadb-6f5a-43f3-9292-e443a44cfb1d,86,2025-05-22T19:49:36.358747,2025-05-28,delivered,False,,2026-05-14T19:49:36.382632
8426eabe-197c-4b5e-8a70-53e905d30595,d58ff740-5495-4cfa-91d5-2af1b2116a6b,0e9a0cc7-1b53-407b-9caf-2d2d4b1ff0a9,74,2026-03-26T19:49:36.358747,2026-03-29,in_transit,False,,2026-05-14T19:49:36.382674
9d2315c9-75c0-4f4f-9d3f-92d44fce4938,b70d6d6e-5e1f-4a16-93e7-72811201e889,b1208dde-8863-4c1f-a1cc-6c65878f8316,33,2025-11-14T19:49:36.358747,2025-11-18,delivered,False,,2026-05-14T19:49:36.382717
db871e76-c6c0-46d8-a15e-6b0661c8e51c,2d6f9776-25b3-4677-9eb5-7e4e0223a504,bb566f94-e52c-4412-a82b-d8421628fdce,84,2025-09-19T19:49:36.358747,2025-09-24,delayed,False,,2026-05-14T19:49:36.382758
057be273-9306-40c9-aa1a-9999c08fd601,c8f0649a-61df-463e-bd9c-0970c729a775,f843db1e-eb10-4099-ba26-42c3c384c6e7,118,2026-04-03T19:49:36.358747,2026-04-04,delayed,False,,2026-05-14T19:49:36.382800
07f7f432-fa00-414a-b623-40651c4a7ff6,bc78a363-54cf-4bb5-bdff-9f7ed3efb3a1,0e9a0cc7-1b53-407b-9caf-2d2d4b1ff0a9,141,2025-11-01T19:49:36.358747,2025-11-04,delivered,False,,2026-05-14T19:49:36.382841
cb56bab2-1235-404d-8012-d035dc623efe,297dd953-c79a-4865-a876-60fdf7fa7807,45e53695-1506-4f45-b5b7-cb31c4797e0e,150,2026-04-02T19:49:36.358747,2026-04-06,delivered,False,,2026-05-14T19:49:36.382882
1da14d02-82d0-4036-a068-9a595d2f1e79,43321739-8331-45ca-a26c-99eaf5248ed9,31715682-9f21-4349-8ca6-e44a4044d312,105,2026-03-27T19:49:36.358747,2026-03-30,delayed,False,,2026-05-14T19:49:36.382935
e04a6ec0-2dd3-4c24-aa8a-8a60edeafee8,b9d977b4-833e-49c9-b626-8488695adbd7,6f176354-1523-437d-917c-9fcf909ed0bc,83,2025-05-23T19:49:36.358747,2025-05-26,delivered,False,,2026-05-14T19:49:36.382977
4a28cde7-0fa8-47da-b083-8f587b5139cb,9055b84b-3a03-4f29-9045-3fd59cc9f5d0,9fb02bc6-4c92-42ba-b82d-09964e7150e0,52,2025-05-29T19:49:36.358747,2025-06-02,delayed,False,,2026-05-14T19:49:36.383018
eba8c4d0-e2e4-4d86-b742-8bffca5d2530,0619fb37-226b-40c6-866b-17d13dd8f98e,6a85f38b-d328-4fa9-9f17-1b268d63f0e9,87,2026-02-12T19:49:36.358747,2026-02-14,delivered,False,,2026-05-14T19:49:36.383059
83a0a137-5148-4464-aabf-6e3ab29dadcc,5b857683-1c51-474e-86c7-4b3af451024e,31715682-9f21-4349-8ca6-e44a4044d312,99,2025-05-15T19:49:36.358747,2025-05-18,delayed,False,,2026-05-14T19:49:36.383101
7f315049-1c69-4721-a10f-1b139f6ee5a8,78e90da9-56fd-4222-b113-62f6b30846bf,f6389092-6f95-4c40-8535-08b0c21124a0,176,2026-01-09T19:49:36.358747,2026-01-10,delivered,False,,2026-05-14T19:49:36.383143
97a43017-549c-4e1a-a466-6d4b7f498432,4ea639df-c0be-44e1-86b8-7fb4cd6ea4e9,f843db1e-eb10-4099-ba26-42c3c384c6e7,62,2026-03-04T19:49:36.358747,2026-03-05,delivered,False,,2026-05-14T19:49:36.383184
10691ff8-1aff-4737-91ca-6988c7d0b534,0694a9d4-8be8-40b3-8d84-4c92a13ec43f,f843db1e-eb10-4099-ba26-42c3c384c6e7,62,2025-11-18T19:49:36.358747,2025-11-19,delivered,False,,2026-05-14T19:49:36.383226
b2342ee8-65b2-4ab8-9f41-063980c30b9d,b89f4757-7b13-4010-8fa0-a950d6ef0520,2f0bb9da-db00-4fe4-aca7-9e6f167bac3a,25,2025-07-04T19:49:36.358747,2025-07-09,delivered,False,,2026-05-14T19:49:36.383267
d6dcf54b-a645-4dec-b430-ff7f33965bdd,5f810d20-b641-4084-9fe1-28765a08f313,bb84cadb-6f5a-43f3-9292-e443a44cfb1d,168,2025-12-26T19:49:36.358747,2026-01-01,delivered,False,,2026-05-14T19:49:36.383309
edd5f94d-2763-45ef-ad06-2b619cae1696,b9d977b4-833e-49c9-b626-8488695adbd7,f843db1e-eb10-4099-ba26-42c3c384c6e7,41,2025-11-03T19:49:36.358747,2025-11-04,delivered,False,,2026-05-14T19:49:36.383350
9491fc0c-03cd-4ca2-afd6-2ef1038d5f54,7e58c27e-2271-4e20-9b9d-faf5ffd7c337,937267a5-13c4-43fa-9841-18aa7b3116f9,89,2025-07-02T19:49:36.358747,2025-07-07,in_transit,False,,2026-05-14T19:49:36.383404
3c72dc71-3753-4680-b99c-50e9f79d5071,b89f4757-7b13-4010-8fa0-a950d6ef0520,0e9a0cc7-1b53-407b-9caf-2d2d4b1ff0a9,299,2026-02-25T19:49:36.358747,2026-02-28,delivered,False,,2026-05-14T19:49:36.383455
45e57829-f893-448a-8a43-75e7962cbc1f,7effb498-d4cf-4562-a3dc-3fff7d9d4004,6a85f38b-d328-4fa9-9f17-1b268d63f0e9,75,2025-12-03T19:49:36.358747,2025-12-06,pending,False,,2026-05-14T19:49:36.383496
5f97d7eb-4fcd-47dc-9e1e-49cb109c9aeb,e1058a27-65a5-4a68-b2d2-a145cff39651,ad47af14-149b-4b9c-b2f5-cb3f3e91b52f,106,2025-12-27T19:49:36.358747,2025-12-28,pending,False,,2026-05-14T19:49:36.383538
cf646e57-d615-42ef-93ea-d68130f0b624,f6f392b4-c0bd-4731-9681-5649f2f0435f,ad47af14-149b-4b9c-b2f5-cb3f3e91b52f,73,2025-08-01T19:49:36.358747,2025-08-04,pending,False,,2026-05-14T19:49:36.383579
aca8ad39-53de-4095-8468-ee616dc90b36,8e9ba15c-46ca-4703-94d1-5a9a8d599f80,2f0bb9da-db00-4fe4-aca7-9e6f167bac3a,40,2026-03-27T19:49:36.358747,2026-04-01,delivered,False,,2026-05-14T19:49:36.383621
aa8d8cf3-0f7b-4991-a99c-e894f97d23f2,6764e923-92a6-40ef-a7c9-351c40a71697,f6389092-6f95-4c40-8535-08b0c21124a0,379,2025-10-15T19:49:36.358747,2025-10-16,pending,False,,2026-05-14T19:49:36.383663
19e2f146-d1cf-4150-97bf-50bebbddc40a,7f642993-84f6-44cb-95b2-2028eb22f5ba,9fb02bc6-4c92-42ba-b82d-09964e7150e0,57,2026-01-09T19:49:36.358747,2026-01-12,in_transit,False,,2026-05-14T19:49:36.383705
ec469564-f5ed-4028-9e02-6fc4cea89538,7e58c27e-2271-4e20-9b9d-faf5ffd7c337,920beb94-392d-4d45-99e8-14ec69798aa6,275,2025-12-26T19:49:36.358747,2025-12-28,delivered,False,,2026-05-14T19:49:36.383746
c693da98-ef6e-4bc2-bbcd-7dfe1fd28e00,32b01f52-ab61-4788-979d-9b4f6d29a345,0e9a0cc7-1b53-407b-9caf-2d2d4b1ff0a9,94,2025-12-24T19:49:36.358747,2025-12-27,delivered,False,,2026-05-14T19:49:36.383788
8753febe-8703-4317-951f-1eedaeba51c6,b89f4757-7b13-4010-8fa0-a950d6ef0520,2f0bb9da-db00-4fe4-aca7-9e6f167bac3a,157,2026-01-08T19:49:36.358747,2026-01-13,delivered,False,,2026-05-14T19:49:36.383829
fa2847b3-c2c2-4874-ba97-3700ddcba63b,4fdd39c8-d338-4210-a947-7d7a18ffd5de,6f176354-1523-437d-917c-9fcf909ed0bc,184,2026-03-21T19:49:36.358747,2026-03-23,pending,False,,2026-05-14T19:49:36.383870
ce3b9ad4-6902-4b16-8ed3-b00a88a25c8f,a3a78246-6e84-46ae-ba9c-45b0c57412c0,f843db1e-eb10-4099-ba26-42c3c384c6e7,208,2025-07-01T19:49:36.358747,2025-07-02,delayed,False,,2026-05-14T19:49:36.383913
0732a34a-7300-4b54-9e18-cc93d1a54ac6,6cee1fab-054a-4d0d-9781-3982daa1a9cd,f843db1e-eb10-4099-ba26-42c3c384c6e7,258,2025-06-13T19:49:36.358747,2025-06-14,pending,False,,2026-05-14T19:49:36.383955
d3fb48d5-9224-46f5-afdb-4f1f059c343f,5f810d20-b641-4084-9fe1-28765a08f313,17b991fb-513c-4207-ad77-ec0be46f0305,473,2025-05-24T19:49:36.358747,2025-05-28,delivered,False,,2026-05-14T19:49:36.383996
a9a74f4f-5eb4-4718-b20b-6b08e5a4f668,a3a78246-6e84-46ae-ba9c-45b0c57412c0,bb566f94-e52c-4412-a82b-d8421628fdce,360,2025-12-16T19:49:36.358747,2025-12-20,delivered,False,,2026-05-14T19:49:36.384037
cd79d6fe-e09e-441a-9205-6c4d97587d01,10dad2ad-1647-43b3-809a-b20dd7d488b4,6a58e677-274d-4820-8348-1bb1cae5add1,53,2025-11-29T19:49:36.358747,2025-12-02,delivered,False,,2026-05-14T19:49:36.384078
058bb084-3ab2-4b17-9f62-2c8cf7125b79,a3a78246-6e84-46ae-ba9c-45b0c57412c0,f843db1e-eb10-4099-ba26-42c3c384c6e7,69,2025-07-30T19:49:36.358747,2025-07-31,delayed,False,,2026-05-14T19:49:36.384119
80cf63d9-041d-420b-8d83-3d8d3bc17cbd,154cd4ae-e9af-4b05-956b-baa83fdfbfc0,45e53695-1506-4f45-b5b7-cb31c4797e0e,136,2025-08-06T19:49:36.358747,2025-08-09,delivered,False,,2026-05-14T19:49:36.384160
6be1d4fe-1836-49bc-8664-1a81797a12e3,5b857683-1c51-474e-86c7-4b3af451024e,ad47af14-149b-4b9c-b2f5-cb3f3e91b52f,88,2025-12-16T19:49:36.358747,2025-12-21,pending,False,,2026-05-14T19:49:36.384201
3b9aea0e-a6af-4bd1-8eee-fb889dbd6ec3,50cc9640-dd9a-4519-af61-d5085f148369,4aca3b60-5012-43c4-abc2-cd144f319367,358,2026-03-04T19:49:36.358747,2026-03-07,in_transit,False,,2026-05-14T19:49:36.384242
fa591fc6-4d64-43b4-9930-76056fa1519a,7effb498-d4cf-4562-a3dc-3fff7d9d4004,45e53695-1506-4f45-b5b7-cb31c4797e0e,92,2025-11-02T19:49:36.358747,2025-11-05,delayed,False,,2026-05-14T19:49:36.384284
d504c3af-aea9-4028-8e25-4f1c3f0602d4,0915b33c-453b-4991-8bc0-f69300e81ba0,b1208dde-8863-4c1f-a1cc-6c65878f8316,147,2025-08-14T19:49:36.358747,2025-08-16,delayed,False,,2026-05-14T19:49:36.384325
4ed33397-6c80-442d-aebe-eee6b361faa8,bfd701a9-5ee1-408c-864a-c61afff88353,589325e8-ed43-4f59-bec5-160a1c7739e6,73,2025-11-11T19:49:36.358747,2025-11-12,delivered,False,,2026-05-14T19:49:36.384366
52e442f6-2157-47b0-9184-2359e02f8bec,ccf12a69-4b18-4456-ae6d-32b2d937a78c,f5d30e3b-0fd7-4692-acd8-8f8213a9984a,123,2026-04-01T19:49:36.358747,2026-04-07,in_transit,False,,2026-05-14T19:49:36.384408
b50846d7-5c13-4829-acbb-5308f7742f33,b647a3f2-5c0e-4416-9129-31718085fc6f,2f0bb9da-db00-4fe4-aca7-9e6f167bac3a,61,2025-07-05T19:49:36.358747,2025-07-11,delayed,False,,2026-05-14T19:49:36.384449
2c715aa8-be91-4ec7-96eb-7e6581abf747,5db89c33-b533-4b1c-bcd5-ac4abab9817a,bb566f94-e52c-4412-a82b-d8421628fdce,33,2025-11-26T19:49:36.358747,2025-11-29,delivered,False,,2026-05-14T19:49:36.384490
42c6531a-3d7f-4169-81aa-b1be05d458d3,297dd953-c79a-4865-a876-60fdf7fa7807,0e9a0cc7-1b53-407b-9caf-2d2d4b1ff0a9,107,2026-01-21T19:49:36.358747,2026-01-25,delivered,False,,2026-05-14T19:49:36.384532
48c2d17c-d788-429a-befb-4429384283be,2a8ef62b-0c89-4ac8-91d8-f743e7d9d731,6a85f38b-d328-4fa9-9f17-1b268d63f0e9,346,2026-01-21T19:49:36.358747,2026-01-24,delivered,False,,2026-05-14T19:49:36.384584
6fad453b-898f-4ff8-9ca4-b6f89a48ccc9,e879bb2c-a142-42d2-b35b-eef240c98751,6a85f38b-d328-4fa9-9f17-1b268d63f0e9,213,2026-02-26T19:49:36.358747,2026-03-01,pending,False,,2026-05-14T19:49:36.384625
e324641b-5061-46e2-970e-f091f944ebdc,34901ecc-424b-49e2-8442-330c59876f67,937267a5-13c4-43fa-9841-18aa7b3116f9,78,2026-04-01T19:49:36.358747,2026-04-07,delayed,False,,2026-05-14T19:49:36.384666
531fb596-0dd9-4cbd-90df-24d42cb5525e,c2c71b8a-a448-45f4-8dd3-6881aea204a0,2f0bb9da-db00-4fe4-aca7-9e6f167bac3a,151,2025-11-20T19:49:36.358747,2025-11-24,in_transit,False,,2026-05-14T19:49:36.384707
6d517f6d-a0bc-4781-b039-c13898d35a14,0915b33c-453b-4991-8bc0-f69300e81ba0,f843db1e-eb10-4099-ba26-42c3c384c6e7,293,2026-03-26T19:49:36.358747,2026-03-28,delivered,False,,2026-05-14T19:49:36.384748
4c8aa0e1-d5b4-45fb-bee9-1344d21744cb,d97a427d-8f95-4867-a724-5dc31f715e96,f6389092-6f95-4c40-8535-08b0c21124a0,54,2026-04-22T19:49:36.358747,2026-04-23,pending,False,,2026-05-14T19:49:36.384790
a3ccf531-21f0-4466-82a0-f68be63a9d15,b24ac878-b31f-4a6e-955a-34153068a0b1,b1208dde-8863-4c1f-a1cc-6c65878f8316,133,2025-06-02T19:49:36.358747,2025-06-05,delayed,False,,2026-05-14T19:49:36.384831
66a956a9-9ba1-4ef7-9ed0-8dc3ed2512b7,613f1902-2368-4b07-9b0b-0ed941f8ca3f,31715682-9f21-4349-8ca6-e44a4044d312,57,2025-08-05T19:49:36.358747,2025-08-08,delivered,False,,2026-05-14T19:49:36.384873
bdcb6919-13aa-4189-a448-b18e59bce84b,b3ff0bb8-5672-4610-a289-2ad9598170bb,920beb94-392d-4d45-99e8-14ec69798aa6,88,2025-10-17T19:49:36.358747,2025-10-20,in_transit,False,,2026-05-14T19:49:36.384916
0c8dc94d-b1fc-44f0-b629-950469d73e2b,f6f392b4-c0bd-4731-9681-5649f2f0435f,29c67ea0-fd8c-4e42-bcab-625e1260e889,139,2025-07-04T19:49:36.358747,2025-07-07,delivered,False,,2026-05-14T19:49:36.384967
c97a0f8b-0854-4d01-9e67-e7e92a802fb8,7696c106-17ab-4826-a71c-49eff737c053,29c67ea0-fd8c-4e42-bcab-625e1260e889,166,2025-05-19T19:49:36.358747,2025-05-20,in_transit,False,,2026-05-14T19:49:36.385022
55c3b563-8d84-439e-9d3f-c6493a1940da,32b01f52-ab61-4788-979d-9b4f6d29a345,4aca3b60-5012-43c4-abc2-cd144f319367,225,2025-08-13T19:49:36.358747,2025-08-15,delivered,False,,2026-05-14T19:49:36.385078
6fac3157-08de-49ee-9f23-d6ee50a80bfd,fe94d45c-847d-44e7-a34d-6887fd98847a,6fe57ad1-2193-4ea6-8291-42ddfb3c9a49,67,2025-06-05T19:49:36.358747,2025-06-06,delivered,False,,2026-05-14T19:49:36.385118
ff442144-85f0-4e6c-a53f-d850adf503d3,d97a427d-8f95-4867-a724-5dc31f715e96,17b991fb-513c-4207-ad77-ec0be46f0305,31,2025-07-04T19:49:36.358747,2025-07-09,pending,False,,2026-05-14T19:49:36.385159
7874e68c-07b1-4189-9ea1-9da77a355ec4,b647a3f2-5c0e-4416-9129-31718085fc6f,45e53695-1506-4f45-b5b7-cb31c4797e0e,61,2025-07-02T19:49:36.358747,2025-07-05,delivered,False,,2026-05-14T19:49:36.385199
c9cce3e3-4d8a-46b1-83a7-1174ad36960d,78e90da9-56fd-4222-b113-62f6b30846bf,9fb02bc6-4c92-42ba-b82d-09964e7150e0,86,2025-07-16T19:49:36.358747,2025-07-19,pending,False,,2026-05-14T19:49:36.385241
7894e94f-7760-41f9-906d-aa3fa6f78b23,e3cf76ed-9280-497d-931f-6046cfa89558,6f176354-1523-437d-917c-9fcf909ed0bc,95,2026-03-16T19:49:36.358747,2026-03-17,delivered,False,,2026-05-14T19:49:36.385281
49df7bcf-d835-43d2-a835-abb1f92b0f65,4868a320-8a6d-4b5f-b122-0a9a6621fb37,29c67ea0-fd8c-4e42-bcab-625e1260e889,199,2025-07-13T19:49:36.358747,2025-07-16,delivered,False,,2026-05-14T19:49:36.385321
92f5a264-1aed-4162-b9ee-7a94505c9a97,154cd4ae-e9af-4b05-956b-baa83fdfbfc0,2c1061e7-77a8-4647-a7c3-1f89f660c7ea,25,2025-08-12T19:49:36.358747,2025-08-18,delivered,False,,2026-05-14T19:49:36.385361
2b1d9450-4212-421b-8fa4-c3788c840f6a,d58ff740-5495-4cfa-91d5-2af1b2116a6b,17b991fb-513c-4207-ad77-ec0be46f0305,299,2025-09-06T19:49:36.358747,2025-09-10,in_transit,False,,2026-05-14T19:49:36.385401
e5524aeb-5e1e-4f81-9534-d7bdc62bb711,ad0943ad-c637-438f-9661-fe6b21b625f6,b1208dde-8863-4c1f-a1cc-6c65878f8316,68,2025-11-12T19:49:36.358747,2025-11-15,delivered,False,,2026-05-14T19:49:36.385441
d8c1f81a-9d26-40db-8622-948a22c996a5,9e33fd57-802c-46cf-8de6-225f2a6fef06,6a58e677-274d-4820-8348-1bb1cae5add1,69,2025-07-31T19:49:36.358747,2025-08-05,delivered,False,,2026-05-14T19:49:36.385481
b8fce8a9-630a-4de5-95c3-b9a8c03741f3,a52d8730-de9d-40b4-80e2-4eacf73529e0,29c67ea0-fd8c-4e42-bcab-625e1260e889,122,2025-09-29T19:49:36.358747,2025-10-02,pending,False,,2026-05-14T19:49:36.385521
c7c7a726-1f8d-4a16-8767-8a4d5e4ef538,0bed27e9-ca09-4cc6-8026-88fa97ba4496,6a58e677-274d-4820-8348-1bb1cae5add1,205,2026-01-22T19:49:36.358747,2026-01-25,in_transit,False,,2026-05-14T19:49:36.385561
e9ed9877-ac9d-4a2d-8eef-9d5c6d19b8af,37921e4b-cae6-4cb7-aecd-16c556a54e68,f843db1e-eb10-4099-ba26-42c3c384c6e7,73,2025-09-22T19:49:36.358747,2025-09-23,delivered,False,,2026-05-14T19:49:36.385602
cbdaebbb-c061-4f67-9e35-6525ed71a71c,6e410fed-5f9b-471e-9c2c-882a23e70ef9,589325e8-ed43-4f59-bec5-160a1c7739e6,85,2026-03-18T19:49:36.358747,2026-03-20,in_transit,False,,2026-05-14T19:49:36.385642
87c9108c-2a7b-47df-a1d9-8f6ce807b3b6,4ea639df-c0be-44e1-86b8-7fb4cd6ea4e9,45e53695-1506-4f45-b5b7-cb31c4797e0e,161,2025-11-07T19:49:36.358747,2025-11-10,delivered,False,,2026-05-14T19:49:36.385682
3b2eb683-b4f6-4a12-89fe-f7f79ee0ab3c,6cee1fab-054a-4d0d-9781-3982daa1a9cd,589325e8-ed43-4f59-bec5-160a1c7739e6,161,2025-10-09T19:49:36.358747,2025-10-11,delivered,False,,2026-05-14T19:49:36.385722
3295ba7b-e737-437b-8367-92526e9ad69b,613f1902-2368-4b07-9b0b-0ed941f8ca3f,f843db1e-eb10-4099-ba26-42c3c384c6e7,95,2026-04-28T19:49:36.358747,2026-04-29,delivered,False,,2026-05-14T19:49:36.385762
1262f488-a4c3-4786-ae94-30117ebd54a6,8e9ba15c-46ca-4703-94d1-5a9a8d599f80,920beb94-392d-4d45-99e8-14ec69798aa6,187,2026-03-13T19:49:36.358747,2026-03-15,in_transit,False,,2026-05-14T19:49:36.385822
71434a3b-4f2c-492a-ba27-9faf89237010,e879bb2c-a142-42d2-b35b-eef240c98751,6a85f38b-d328-4fa9-9f17-1b268d63f0e9,200,2025-05-16T19:49:36.358747,2025-05-17,delivered,False,,2026-05-14T19:49:36.385872
bfbc031f-f001-40f0-b771-3bf7a62a9c99,4fdd39c8-d338-4210-a947-7d7a18ffd5de,0e9a0cc7-1b53-407b-9caf-2d2d4b1ff0a9,478,2026-01-29T19:49:36.358747,2026-02-01,delivered,False,,2026-05-14T19:49:36.385927
6bdf0444-5840-4e77-831f-be70151c8854,0619fb37-226b-40c6-866b-17d13dd8f98e,6fe57ad1-2193-4ea6-8291-42ddfb3c9a49,218,2025-12-22T19:49:36.358747,2025-12-23,in_transit,False,,2026-05-14T19:49:36.385976
6b409458-19f0-4970-9b1a-8ce37255748a,ab2ee2cb-59df-46f1-b90c-04c95b951802,f843db1e-eb10-4099-ba26-42c3c384c6e7,146,2025-12-29T19:49:36.358747,2025-12-30,delivered,False,,2026-05-14T19:49:36.386016
b78fe224-0134-4b49-9ddb-7bcbc565c8f3,e178916b-c032-42ea-b53a-83c0a730430c,0e9a0cc7-1b53-407b-9caf-2d2d4b1ff0a9,54,2025-10-16T19:49:36.358747,2025-10-20,delayed,False,,2026-05-14T19:49:36.386058
5ddd236c-f785-4d3e-aba4-fd700942dd4d,2fd30533-52ca-48b6-ac2d-02278cc46176,45e53695-1506-4f45-b5b7-cb31c4797e0e,77,2026-03-06T19:49:36.358747,2026-03-09,delivered,False,,2026-05-14T19:49:36.386099
ae30186c-243e-4c15-be36-018a23267cd6,613f1902-2368-4b07-9b0b-0ed941f8ca3f,417f137f-a65d-40bf-8361-9a2bbab8b9a2,180,2025-06-02T19:49:36.358747,2025-06-05,pending,False,,2026-05-14T19:49:36.386139
091da455-d7e0-4f9e-9cdb-27a2daa94eec,e89dcc1e-b3c5-45bc-9d3f-f0232c7fbf3d,17b991fb-513c-4207-ad77-ec0be46f0305,101,2025-11-03T19:49:36.358747,2025-11-07,delivered,False,,2026-05-14T19:49:36.386179
10a4f26e-e681-4862-815f-d467ac49f4de,8e9ba15c-46ca-4703-94d1-5a9a8d599f80,920beb94-392d-4d45-99e8-14ec69798aa6,615,2025-12-23T19:49:36.358747,2025-12-25,delayed,False,,2026-05-14T19:49:36.386220
ccc01039-e3e6-4884-86b0-abe366d03dbb,fe94d45c-847d-44e7-a34d-6887fd98847a,bb566f94-e52c-4412-a82b-d8421628fdce,105,2025-11-28T19:49:36.358747,2025-12-03,delayed,False,,2026-05-14T19:49:36.386269
ff66ea62-62c9-45bd-b709-0c9ccf37a6eb,8e9ba15c-46ca-4703-94d1-5a9a8d599f80,45e53695-1506-4f45-b5b7-cb31c4797e0e,217,2025-09-22T19:49:36.358747,2025-09-26,delivered,False,,2026-05-14T19:49:36.386317
d7ea24f1-5807-462c-80b5-0d00ccdae03e,32b01f52-ab61-4788-979d-9b4f6d29a345,6a58e677-274d-4820-8348-1bb1cae5add1,150,2025-10-23T19:49:36.358747,2025-10-25,delivered,False,,2026-05-14T19:49:36.386357
19055b6b-38d3-4d41-87c2-733f5506aa20,d2ee47c4-6669-4186-a433-ba73ca69def3,589325e8-ed43-4f59-bec5-160a1c7739e6,332,2025-11-28T19:49:36.358747,2025-11-29,delivered,False,,2026-05-14T19:49:36.386398
d2a340f8-e421-4f2b-a113-52371b79bead,10dad2ad-1647-43b3-809a-b20dd7d488b4,0e9a0cc7-1b53-407b-9caf-2d2d4b1ff0a9,114,2025-09-08T19:49:36.358747,2025-09-11,delayed,False,,2026-05-14T19:49:36.386440
692937d9-fac9-4710-910b-f5c4c47e04fa,f346b852-2858-43d4-825a-03b89a4875c8,bb84cadb-6f5a-43f3-9292-e443a44cfb1d,85,2025-06-27T19:49:36.358747,2025-07-03,delivered,False,,2026-05-14T19:49:36.386482
f9692881-7654-4da2-b27a-c9004e80a283,e3cf76ed-9280-497d-931f-6046cfa89558,9fb02bc6-4c92-42ba-b82d-09964e7150e0,116,2026-02-23T19:49:36.358747,2026-02-26,pending,False,,2026-05-14T19:49:36.386522
e3108807-ae63-43a3-8887-8e0143384fba,7696c106-17ab-4826-a71c-49eff737c053,920beb94-392d-4d45-99e8-14ec69798aa6,327,2025-05-27T19:49:36.358747,2025-05-29,delayed,False,,2026-05-14T19:49:36.386562
1076e489-e8d4-4c6a-8e83-b6674d121a2e,78e90da9-56fd-4222-b113-62f6b30846bf,f6389092-6f95-4c40-8535-08b0c21124a0,74,2025-12-25T19:49:36.358747,2025-12-26,delivered,False,,2026-05-14T19:49:36.386614
a6ca3ce7-b507-44d6-af93-a487a973c0f1,0694a9d4-8be8-40b3-8d84-4c92a13ec43f,2f0bb9da-db00-4fe4-aca7-9e6f167bac3a,233,2025-06-16T19:49:36.358747,2025-06-20,delivered,False,,2026-05-14T19:49:36.386665
508f80db-4a77-4441-b8cb-cd1b73f0b69b,e1058a27-65a5-4a68-b2d2-a145cff39651,417f137f-a65d-40bf-8361-9a2bbab8b9a2,145,2026-01-15T19:49:36.358747,2026-01-18,pending,False,,2026-05-14T19:49:36.386710
